Neighborhood,1872,1875,1880,1882,1885,1890,1892,1893,1898,1900,1904,1905,1906,1908,1910,1911,1912,1913,1914,1915,1916,1917,1918,1919,1920,1921,1922,1923,1924,1925,1926,1927,1928,1929,1930,1931,1932,1934,1935,1936,1937,1938,1939,1940,1941,1942,1945,1946,1947,1948,1949,1950,1951,1952,1953,1954,1955,1956,1957,1958,1959,1960,1961,1962,1963,1964,1965,1966,1967,1968,1969,1970,1971,1972,1973,1974,1975,1976,1977,1978,1979,1980,1981,1982,1983,1984,1985,1986,1987,1988,1989,1990,1991,1992,1993,1994,1995,1996,1997,1998,1999,2000,2001,2002,2003,2004,2005,2006,2007,2008,2009,2010
Veenker,294000.0,294000.0,294000.0,294000.0,294000.0,294000.0,294000.0,294000.0,294000.0,294000.0,294000.0,294000.0,294000.0,294000.0,294000.0,294000.0,294000.0,294000.0,294000.0,294000.0,294000.0,294000.0,294000.0,294000.0,294000.0,294000.0,294000.0,294000.0,294000.0,294000.0,294000.0,294000.0,294000.0,294000.0,294000.0,294000.0,294000.0,294000.0,294000.0,294000.0,294000.0,294000.0,294000.0,294000.0,294000.0,294000.0,294000.0,294000.0,294000.0,294000.0,294000.0,294000.0,294000.0,294000.0,294000.0,294000.0,294000.0,294000.0,294000.0,294000.0,294000.0,294000.0,294000.0,294000.0,294000.0,294000.0,294000.0,294000.0,294000.0,294000.0,294000.0,294000.0,294000.0,294000.0,294000.0,294000.0,195500.0,195500.0,165000.0,194000.0,385000.0,385000.0,385000.0,162500.0,162500.0,162500.0,324000.0,324000.0,324000.0,324000.0,324000.0,324000.0,324000.0,324000.0,324000.0,270000.0,270000.0,245500.0,245500.0,245500.0,245500.0,245500.0,245500.0,245500.0,245500.0,245500.0,245500.0,245500.0,245500.0,245500.0,245500.0,245500.0
BrkSide,127000.0,127000.0,127000.0,127000.0,127000.0,127000.0,127000.0,127000.0,127000.0,127000.0,127000.0,127000.0,127000.0,127000.0,167500.0,153575.0,153575.0,153575.0,153575.0,153575.0,167750.0,130000.0,130000.0,180500.0,136500.0,89000.0,113000.0,181500.0,104750.0,148500.0,100300.0,68500.0,149000.0,126000.0,121200.0,116250.0,114500.0,114500.0,92500.0,111125.0,134900.0,130233.33333333333,130233.33333333333,101333.33333333333,115500.0,80450.0,80450.0,80450.0,119750.0,127000.0,72500.0,110000.0,116500.0,116500.0,116500.0,116500.0,116500.0,116500.0,116500.0,116500.0,129000.0,129000.0,129000.0,129000.0,129000.0,129000.0,129000.0,129000.0,129000.0,129000.0,129000.0,129000.0,129000.0,129000.0,129000.0,129000.0,129000.0,129000.0,129000.0,129000.0,129000.0,129000.0,129000.0,129000.0,129000.0,129000.0,129000.0,129000.0,129000.0,129000.0,129000.0,129000.0,129000.0,129000.0,129000.0,129000.0,129000.0,129000.0,129000.0,129000.0,129000.0,129000.0,129000.0,129000.0,129000.0,129000.0,129000.0,129000.0,129000.0,129000.0,129000.0,129000.0
NPkVill,147000.0,147000.0,147000.0,147000.0,147000.0,147000.0,147000.0,147000.0,147000.0,147000.0,147000.0,147000.0,147000.0,147000.0,147000.0,147000.0,147000.0,147000.0,147000.0,147000.0,147000.0,147000.0,147000.0,147000.0,147000.0,147000.0,147000.0,147000.0,147000.0,147000.0,147000.0,147000.0,147000.0,147000.0,147000.0,147000.0,147000.0,147000.0,147000.0,147000.0,147000.0,147000.0,147000.0,147000.0,147000.0,147000.0,147000.0,147000.0,147000.0,147000.0,147000.0,147000.0,147000.0,147000.0,147000.0,147000.0,147000.0,147000.0,147000.0,147000.0,147000.0,147000.0,147000.0,147000.0,147000.0,147000.0,147000.0,147000.0,147000.0,147000.0,147000.0,147000.0,147000.0,147000.0,147000.0,147000.0,143812.5,143812.5,133750.0,147250.0,147250.0,147250.0,147250.0,147250.0,147250.0,147250.0,147250.0,147250.0,147250.0,147250.0,147250.0,147250.0,147250.0,147250.0,147250.0,147250.0,147250.0,147250.0,147250.0,147250.0,147250.0,147250.0,147250.0,147250.0,147250.0,147250.0,147250.0,147250.0,147250.0,147250.0,147250.0,147250.0
NridgHt,277833.3333333333,277833.3333333333,277833.3333333333,277833.3333333333,277833.3333333333,277833.3333333333,277833.3333333333,277833.3333333333,277833.3333333333,277833.3333333333,277833.3333333333,277833.3333333333,277833.3333333333,277833.3333333333,277833.3333333333,277833.3333333333,277833.3333333333,277833.3333333333,277833.3333333333,277833.3333333333,277833.3333333333,277833.3333333333,277833.3333333333,277833.3333333333,277833.3333333333,277833.3333333333,277833.3333333333,277833.3333333333,277833.3333333333,277833.3333333333,277833.3333333333,277833.3333333333,277833.3333333333,277833.3333333333,277833.3333333333,277833.3333333333,277833.3333333333,277833.3333333333,277833.3333333333,277833.3333333333,277833.3333333333,277833.3333333333,277833.3333333333,277833.3333333333,277833.3333333333,277833.3333333333,277833.3333333333,277833.3333333333,277833.3333333333,277833.3333333333,277833.3333333333,277833.3333333333,277833.3333333333,277833.3333333333,277833.3333333333,277833.3333333333,277833.3333333333,277833.3333333333,277833.3333333333,277833.3333333333,277833.3333333333,277833.3333333333,277833.3333333333,277833.3333333333,277833.3333333333,277833.3333333333,277833.3333333333,277833.3333333333,277833.3333333333,277833.3333333333,277833.3333333333,277833.3333333333,277833.3333333333,277833.3333333333,277833.3333333333,277833.3333333333,277833.3333333333,277833.3333333333,277833.3333333333,277833.3333333333,277833.3333333333,277833.3333333333,277833.3333333333,277833.3333333333,277833.3333333333,277833.3333333333,277833.3333333333,277833.3333333333,277833.3333333333,277833.3333333333,277833.3333333333,277833.3333333333,277833.3333333333,277833.3333333333,277833.3333333333,277833.3333333333,277833.3333333333,277833.3333333333,277833.3333333333,277833.3333333333,277833.3333333333,277833.3333333333,277833.3333333333,277833.3333333333,277833.3333333333,294690.0,265933.5,322196.06666666665,314808.3333333333,430149.77777777775,373376.0,373376.0
NoRidge,302000.0,302000.0,302000.0,302000.0,302000.0,302000.0,302000.0,302000.0,302000.0,302000.0,302000.0,302000.0,302000.0,302000.0,302000.0,302000.0,302000.0,302000.0,302000.0,302000.0,302000.0,302000.0,302000.0,302000.0,302000.0,302000.0,302000.0,302000.0,302000.0,302000.0,302000.0,302000.0,302000.0,302000.0,302000.0,302000.0,302000.0,302000.0,302000.0,302000.0,302000.0,302000.0,302000.0,302000.0,302000.0,302000.0,302000.0,302000.0,302000.0,302000.0,302000.0,302000.0,302000.0,302000.0,302000.0,302000.0,302000.0,302000.0,302000.0,302000.0,302000.0,302000.0,302000.0,302000.0,302000.0,302000.0,302000.0,302000.0,302000.0,302000.0,302000.0,302000.0,302000.0,302000.0,302000.0,302000.0,302000.0,302000.0,302000.0,302000.0,302000.0,302000.0,302000.0,302000.0,302000.0,302000.0,302000.0,302000.0,302000.0,302000.0,302000.0,302000.0,260000.0,293250.0,303666.6666666667,356812.5,394666.6666666667,371188.0,348000.0,291666.6666666667,320056.0,249000.0,466500.0,466500.0,466500.0,466500.0,466500.0,466500.0,466500.0,466500.0,466500.0,466500.0
NWAmes,143000.0,143000.0,143000.0,143000.0,143000.0,143000.0,143000.0,143000.0,143000.0,143000.0,143000.0,143000.0,143000.0,143000.0,143000.0,143000.0,143000.0,143000.0,143000.0,143000.0,143000.0,143000.0,143000.0,143000.0,143000.0,143000.0,143000.0,143000.0,143000.0,143000.0,143000.0,143000.0,143000.0,143000.0,143000.0,143000.0,143000.0,143000.0,143000.0,143000.0,143000.0,143000.0,143000.0,143000.0,143000.0,143000.0,143000.0,143000.0,143000.0,143000.0,143000.0,143000.0,143000.0,143000.0,143000.0,143000.0,143000.0,143000.0,143000.0,143000.0,143000.0,143000.0,143000.0,143000.0,143000.0,173000.0,173000.0,173000.0,179700.0,194143.75,146000.0,179500.0,170000.0,170662.5,166875.0,188200.0,166700.0,191700.5,192488.88888888888,191250.0,189000.0,218333.33333333334,212133.33333333334,190250.0,190250.0,190250.0,215000.0,215000.0,222333.33333333334,222333.33333333334,213250.0,213250.0,213250.0,213250.0,213250.0,213250.0,213250.0,213250.0,213250.0,213250.0,227000.0,227000.0,227000.0,227000.0,227000.0,227000.0,227000.0,227000.0,227000.0,227000.0,227000.0,227000.0
OldTown,122000.0,200619.75,200619.75,168000.0,111250.0,142200.0,291250.0,325000.0,106000.0,108178.57142857143,157500.0,163000.0,110118.54545454546,110118.54545454546,110118.54545454546,104000.0,104000.0,145500.0,145500.0,132060.0,128250.0,129500.0,128440.0,128440.0,128440.0,124240.0,112500.0,112500.0,110750.0,125750.0,127966.66666666667,89750.0,133450.0,130000.0,94666.66666666667,129900.0,170000.0,170000.0,170000.0,170000.0,89471.0,91300.0,119900.0,114000.0,82500.0,95250.0,95250.0,135000.0,110000.0,133875.0,124500.0,124500.0,124500.0,124500.0,93000.0,112350.0,125587.5,100100.0,131100.0,142000.0,142000.0,142000.0,142000.0,142000.0,142000.0,142000.0,142000.0,142000.0,142000.0,142000.0,142000.0,142000.0,142000.0,142000.0,142000.0,142000.0,142000.0,142000.0,142000.0,142000.0,142000.0,142000.0,200000.0,200000.0,200000.0,200000.0,200000.0,200000.0,200000.0,200000.0,200000.0,200000.0,200000.0,200000.0,200000.0,200000.0,200000.0,200000.0,200000.0,200000.0,200000.0,200000.0,200000.0,200000.0,200000.0,200000.0,200000.0,200000.0,200000.0,200000.0,200000.0,200000.0
Gilbert,169000.0,169000.0,169000.0,169000.0,169000.0,169000.0,169000.0,169000.0,169000.0,169000.0,169000.0,169000.0,169000.0,169000.0,169000.0,169000.0,169000.0,169000.0,169000.0,169000.0,169000.0,169000.0,169000.0,169000.0,169000.0,169000.0,169000.0,169000.0,169000.0,169000.0,169000.0,169000.0,169000.0,169000.0,169000.0,169000.0,169000.0,169000.0,169000.0,169000.0,169000.0,169000.0,169000.0,169000.0,169000.0,169000.0,169000.0,169000.0,169000.0,169000.0,141000.0,141000.0,141000.0,145000.0,145000.0,145000.0,145000.0,164000.0,164000.0,164000.0,164000.0,164000.0,164000.0,164000.0,164000.0,164000.0,164000.0,164000.0,164000.0,164000.0,164000.0,164000.0,164000.0,164000.0,164000.0,164000.0,164000.0,164000.0,164000.0,164000.0,164000.0,164000.0,164000.0,164000.0,164000.0,164000.0,164000.0,164000.0,164000.0,164000.0,180500.0,180500.0,160000.0,171633.33333333334,176200.0,184250.0,177600.0,175000.0,186800.0,188350.0,202333.33333333334,195240.0,222500.0,195950.0,189000.0,200142.85714285713,201658.88888888888,231545.2857142857,179053.0,179053.0,179053.0,179053.0
Somerst,239000.0,239000.0,239000.0,239000.0,239000.0,239000.0,239000.0,239000.0,239000.0,239000.0,239000.0,239000.0,239000.0,239000.0,239000.0,239000.0,239000.0,239000.0,239000.0,239000.0,239000.0,239000.0,239000.0,239000.0,239000.0,239000.0,239000.0,239000.0,239000.0,239000.0,239000.0,239000.0,239000.0,239000.0,239000.0,239000.0,239000.0,239000.0,239000.0,239000.0,239000.0,239000.0,239000.0,239000.0,239000.0,239000.0,239000.0,239000.0,239000.0,239000.0,239000.0,239000.0,239000.0,239000.0,239000.0,239000.0,239000.0,239000.0,239000.0,239000.0,239000.0,239000.0,239000.0,239000.0,239000.0,239000.0,239000.0,239000.0,239000.0,239000.0,239000.0,239000.0,239000.0,239000.0,239000.0,239000.0,239000.0,239000.0,239000.0,239000.0,239000.0,239000.0,239000.0,239000.0,239000.0,239000.0,239000.0,239000.0,239000.0,239000.0,239000.0,239000.0,239000.0,239000.0,239000.0,239000.0,239000.0,239000.0,239000.0,189133.33333333334,189133.33333333334,180800.0,226000.0,240166.66666666666,240166.66666666666,226100.0,219896.0,224747.22222222222,244134.42857142858,258000.2857142857,233353.33333333334,233353.33333333334
Crawfor,139000.0,139000.0,139000.0,139000.0,139000.0,139000.0,139000.0,139000.0,139000.0,139000.0,139000.0,139000.0,139000.0,139000.0,139000.0,90350.0,90350.0,90350.0,138887.0,158500.0,214475.0,214475.0,214475.0,200100.0,200100.0,159200.0,164250.0,165000.0,165250.0,165250.0,165250.0,177000.0,177000.0,230000.0,149000.0,149000.0,258000.0,273900.0,381000.0,250000.0,119750.0,119750.0,311500.0,189750.0,201666.66666666666,177500.0,259500.0,145000.0,145000.0,145000.0,145000.0,158500.0,187000.0,187000.0,187000.0,224000.0,230000.0,230000.0,229062.0,312000.0,312000.0,223000.0,223000.0,223000.0,223000.0,223000.0,223000.0,223000.0,223000.0,223000.0,223000.0,217500.0,217500.0,217500.0,217500.0,217500.0,217500.0,217500.0,217500.0,222000.0,222000.0,222000.0,222000.0,222000.0,222000.0,222000.0,222000.0,222000.0,222000.0,222000.0,275000.0,275000.0,275000.0,275000.0,275000.0,275000.0,275000.0,275000.0,275000.0,275000.0,275000.0,275000.0,275000.0,275000.0,275000.0,275000.0,235000.0,235000.0,392500.0,392500.0,392500.0,392500.0
NAmes,235000.0,235000.0,235000.0,235000.0,235000.0,235000.0,235000.0,235000.0,235000.0,235000.0,235000.0,235000.0,235000.0,235000.0,235000.0,235000.0,235000.0,235000.0,235000.0,235000.0,235000.0,235000.0,235000.0,104900.0,104900.0,119000.0,119000.0,119000.0,119000.0,119000.0,119000.0,119000.0,119000.0,119000.0,119000.0,119000.0,119000.0,119000.0,119000.0,119000.0,119000.0,119000.0,119000.0,119000.0,119000.0,146500.0,140000.0,118500.0,118500.0,121425.0,120914.28571428571,120171.15384615384,144150.0,166000.0,129857.14285714286,133088.88888888888,134333.33333333334,133275.0,149235.8,141341.17647058822,140626.31578947368,159756.66666666666,142908.33333333334,149400.0,143100.0,159338.46153846153,156800.0,165606.25,144583.33333333334,165600.0,164616.66666666666,167455.0,120515.0,213416.66666666666,244000.0,136000.0,135960.0,135960.0,135960.0,135960.0,135960.0,157000.0,157000.0,157000.0,157000.0,157000.0,157000.0,157000.0,157000.0,157000.0,157000.0,157000.0,157000.0,157000.0,157000.0,157000.0,157000.0,157000.0,157000.0,157000.0,157000.0,157000.0,157000.0,157000.0,157000.0,157000.0,157000.0,157000.0,157000.0,157000.0,157000.0,157000.0
IDOTRR,102776.0,102776.0,102776.0,102776.0,102776.0,102776.0,102776.0,102776.0,102776.0,102776.0,135000.0,135000.0,135000.0,127000.0,127000.0,127000.0,127000.0,127000.0,127000.0,85000.0,109900.0,115000.0,115000.0,115000.0,85220.0,90500.0,90500.0,103000.0,103000.0,103000.0,104966.66666666667,104966.66666666667,104966.66666666667,104966.66666666667,104966.66666666667,169500.0,82750.0,82750.0,82750.0,106500.0,130250.0,125500.0,100000.0,120500.0,87000.0,35311.0,35311.0,35311.0,35311.0,35311.0,35311.0,152000.0,55993.0,55993.0,110000.0,110000.0,110000.0,110000.0,110000.0,110000.0,110000.0,110000.0,110000.0,110000.0,110000.0,110000.0,110000.0,110000.0,110000.0,110000.0,110000.0,110000.0,110000.0,110000.0,110000.0,110000.0,110000.0,110000.0,110000.0,110000.0,110000.0,110000.0,110000.0,110000.0,110000.0,110000.0,110000.0,110000.0,110000.0,110000.0,110000.0,110000.0,110000.0,110000.0,110000.0,110000.0,110000.0,110000.0,110000.0,110000.0,110000.0,110000.0,110000.0,110000.0,110000.0,110000.0,110000.0,110000.0,110000.0,110000.0,110000.0,110000.0
Edwards,132450.0,132450.0,132450.0,132450.0,132450.0,132450.0,132450.0,132450.0,132450.0,132450.0,96375.0,96375.0,96375.0,96375.0,96375.0,62750.0,62750.0,62750.0,62750.0,150500.0,150500.0,150500.0,150500.0,93000.0,93000.0,80450.0,80450.0,91950.0,91950.0,100800.0,79000.0,79000.0,79000.0,79000.0,79000.0,79000.0,235000.0,235000.0,235000.0,100000.0,100000.0,100000.0,105000.0,110400.0,101250.0,105500.0,105500.0,107700.0,118000.0,158250.0,119500.0,184000.0,102000.0,102750.0,155000.0,117483.33333333333,118020.0,125875.0,116166.66666666667,60000.0,163450.0,167000.0,167000.0,167000.0,167000.0,167000.0,120562.5,274970.0,137500.0,137500.0,137500.0,137500.0,137500.0,137500.0,127500.0,127500.0,127500.0,126666.66666666667,154750.0,179000.0,179000.0,179000.0,179000.0,179000.0,179000.0,179000.0,179000.0,179000.0,179000.0,118500.0,118500.0,118500.0,167966.66666666666,167966.66666666666,167966.66666666666,167966.66666666666,167966.66666666666,167966.66666666666,167966.66666666666,167966.66666666666,167966.66666666666,167966.66666666666,167966.66666666666,167966.66666666666,167966.66666666666,131875.0,153200.0,155000.0,252375.0,160000.0,186000.0,186000.0
Sawyer,94000.0,94000.0,112000.0,112000.0,112000.0,112000.0,112000.0,112000.0,112000.0,112000.0,112000.0,112000.0,112000.0,112000.0,112000.0,112000.0,112000.0,112000.0,112000.0,112000.0,112000.0,112000.0,112000.0,108000.0,108000.0,108000.0,108000.0,108000.0,108000.0,108000.0,108000.0,108000.0,108000.0,108000.0,108000.0,108000.0,108000.0,108000.0,108000.0,108000.0,108000.0,108000.0,108000.0,108000.0,135000.0,135000.0,135000.0,135000.0,135000.0,135000.0,128000.0,128000.0,165000.0,165000.0,165000.0,165000.0,170000.0,168000.0,138250.0,156250.0,80000.0,133200.0,133200.0,136400.0,143857.14285714287,123980.5,123980.5,134125.0,120416.66666666667,142785.7142857143,133479.5,142500.0,142500.0,142500.0,142500.0,142500.0,171000.0,140250.0,154875.0,148225.0,135950.0,135950.0,135950.0,135950.0,135950.0,135950.0,135950.0,135950.0,135950.0,135950.0,135950.0,135950.0,135950.0,135950.0,135950.0,135950.0,135950.0,135950.0,135950.0,135950.0,135950.0,135950.0,135950.0,135950.0,135950.0,135950.0,135950.0,135950.0,135950.0,135950.0,135950.0,135950.0
StoneBr,197500.0,197500.0,197500.0,197500.0,197500.0,197500.0,197500.0,197500.0,197500.0,197500.0,197500.0,197500.0,197500.0,197500.0,197500.0,197500.0,197500.0,197500.0,197500.0,197500.0,197500.0,197500.0,197500.0,197500.0,197500.0,197500.0,197500.0,197500.0,197500.0,197500.0,197500.0,197500.0,197500.0,197500.0,197500.0,197500.0,197500.0,197500.0,197500.0,197500.0,197500.0,197500.0,197500.0,197500.0,197500.0,197500.0,197500.0,197500.0,197500.0,197500.0,197500.0,197500.0,197500.0,197500.0,197500.0,197500.0,197500.0,197500.0,197500.0,197500.0,197500.0,197500.0,197500.0,197500.0,197500.0,197500.0,197500.0,197500.0,197500.0,197500.0,197500.0,197500.0,197500.0,197500.0,197500.0,197500.0,197500.0,197500.0,197500.0,197500.0,197500.0,197500.0,197500.0,197500.0,197500.0,197500.0,243500.0,170000.0,239000.0,189000.0,180000.0,180000.0,180000.0,180000.0,180000.0,236500.0,236500.0,264500.0,264500.0,264500.0,264500.0,264500.0,249750.0,538000.0,538000.0,367601.4,367601.4,400349.5,392000.0,437168.5,394432.0,394432.0
CollgCr,128500.0,128500.0,128500.0,128500.0,128500.0,128500.0,128500.0,128500.0,128500.0,128500.0,128500.0,128500.0,128500.0,128500.0,128500.0,128500.0,128500.0,128500.0,128500.0,128500.0,128500.0,128500.0,128500.0,128500.0,128500.0,128500.0,128500.0,128500.0,128500.0,128500.0,128500.0,128500.0,128500.0,128500.0,128500.0,128500.0,128500.0,128500.0,128500.0,128500.0,128500.0,128500.0,128500.0,128500.0,128500.0,128500.0,128500.0,128500.0,128500.0,128500.0,128500.0,128500.0,128500.0,128500.0,128500.0,128500.0,128500.0,128500.0,128500.0,128500.0,128500.0,128500.0,128500.0,128500.0,128500.0,128500.0,128500.0,128500.0,128500.0,128500.0,128500.0,129577.77777777778,129577.77777777778,129577.77777777778,120750.0,120750.0,120750.0,130350.0,151412.5,135833.33333333334,147933.33333333334,147933.33333333334,147933.33333333334,147933.33333333334,147933.33333333334,147933.33333333334,147933.33333333334,147933.33333333334,147933.33333333334,147933.33333333334,147933.33333333334,147933.33333333334,147933.33333333334,147933.33333333334,147933.33333333334,147933.33333333334,179375.0,181200.0,216330.0,223262.5,204000.0,249000.0,235190.9090909091,225921.42857142858,189135.7142857143,185349.23529411765,195864.44444444444,225841.92307692306,241990.11111111112,270421.5,198900.0,198900.0
SWISU,130000.0,130000.0,130000.0,130000.0,130000.0,130000.0,130000.0,130000.0,130000.0,130000.0,130000.0,130000.0,130000.0,130000.0,130000.0,130000.0,127200.0,200000.0,200000.0,128000.0,160000.0,169000.0,169000.0,169000.0,128500.0,189000.0,127000.0,127000.0,127000.0,137983.33333333334,102000.0,140000.0,140000.0,91000.0,91000.0,159434.0,159434.0,135000.0,135000.0,135000.0,175000.0,179500.0,179500.0,139750.0,139750.0,139750.0,139750.0,139750.0,139750.0,139750.0,139750.0,139750.0,139750.0,139750.0,139750.0,139750.0,139750.0,139750.0,139750.0,139750.0,139750.0,139750.0,139750.0,139750.0,139750.0,139750.0,139750.0,139750.0,139750.0,139750.0,139750.0,139750.0,139750.0,139750.0,139750.0,139750.0,139750.0,139750.0,139750.0,139750.0,139750.0,139750.0,139750.0,139750.0,139750.0,139750.0,139750.0,139750.0,139750.0,139750.0,139750.0,139750.0,139750.0,139750.0,139750.0,139750.0,139750.0,139750.0,139750.0,139750.0,139750.0,139750.0,139750.0,139750.0,139750.0,139750.0,139750.0,139750.0,139750.0,139750.0,139750.0,139750.0
MeadowV,86071.42857142857,86071.42857142857,86071.42857142857,86071.42857142857,86071.42857142857,86071.42857142857,86071.42857142857,86071.42857142857,86071.42857142857,86071.42857142857,86071.42857142857,86071.42857142857,86071.42857142857,86071.42857142857,86071.42857142857,86071.42857142857,86071.42857142857,86071.42857142857,86071.42857142857,86071.42857142857,86071.42857142857,86071.42857142857,86071.42857142857,86071.42857142857,86071.42857142857,86071.42857142857,86071.42857142857,86071.42857142857,86071.42857142857,86071.42857142857,86071.42857142857,86071.42857142857,86071.42857142857,86071.42857142857,86071.42857142857,86071.42857142857,86071.42857142857,86071.42857142857,86071.42857142857,86071.42857142857,86071.42857142857,86071.42857142857,86071.42857142857,86071.42857142857,86071.42857142857,86071.42857142857,86071.42857142857,86071.42857142857,86071.42857142857,86071.42857142857,86071.42857142857,86071.42857142857,86071.42857142857,86071.42857142857,86071.42857142857,86071.42857142857,86071.42857142857,86071.42857142857,86071.42857142857,86071.42857142857,86071.42857142857,86071.42857142857,86071.42857142857,86071.42857142857,86071.42857142857,86071.42857142857,86071.42857142857,86071.42857142857,86071.42857142857,86071.42857142857,86071.42857142857,86071.42857142857,78250.0,78250.0,108633.33333333333,115975.0,115975.0,115975.0,127000.0,127000.0,127000.0,127000.0,127000.0,127000.0,127000.0,127000.0,127000.0,127000.0,127000.0,127000.0,127000.0,127000.0,127000.0,127000.0,127000.0,127000.0,127000.0,127000.0,127000.0,127000.0,127000.0,127000.0,127000.0,127000.0,127000.0,127000.0,127000.0,127000.0,127000.0,127000.0,127000.0,127000.0
Timber,160000.0,160000.0,160000.0,160000.0,160000.0,160000.0,160000.0,160000.0,160000.0,160000.0,160000.0,160000.0,160000.0,160000.0,160000.0,160000.0,160000.0,160000.0,160000.0,160000.0,160000.0,160000.0,160000.0,160000.0,160000.0,160000.0,160000.0,160000.0,160000.0,160000.0,160000.0,160000.0,160000.0,160000.0,160000.0,160000.0,160000.0,160000.0,160000.0,160000.0,160000.0,160000.0,160000.0,160000.0,160000.0,160000.0,160000.0,160000.0,160000.0,160000.0,137500.0,137500.0,137500.0,137500.0,137500.0,137500.0,137500.0,137500.0,137500.0,137500.0,170000.0,186700.0,186700.0,186700.0,186700.0,301975.0,301975.0,287000.0,287000.0,287000.0,287000.0,287000.0,287000.0,287000.0,287000.0,287000.0,287000.0,287000.0,228000.0,228000.0,228000.0,228000.0,228000.0,184000.0,184000.0,184000.0,184000.0,184000.0,176000.0,175000.0,335000.0,205833.33333333334,204000.0,204000.0,204000.0,204000.0,204000.0,204000.0,220000.0,220000.0,220000.0,220000.0,220000.0,250075.0,246250.0,325556.5,325556.5,256152.6,262144.25,378500.0,247000.0,247000.0
Blmngtn,224500.0,224500.0,224500.0,224500.0,224500.0,224500.0,224500.0,224500.0,224500.0,224500.0,224500.0,224500.0,224500.0,224500.0,224500.0,224500.0,224500.0,224500.0,224500.0,224500.0,224500.0,224500.0,224500.0,224500.0,224500.0,224500.0,224500.0,224500.0,224500.0,224500.0,224500.0,224500.0,224500.0,224500.0,224500.0,224500.0,224500.0,224500.0,224500.0,224500.0,224500.0,224500.0,224500.0,224500.0,224500.0,224500.0,224500.0,224500.0,224500.0,224500.0,224500.0,224500.0,224500.0,224500.0,224500.0,224500.0,224500.0,224500.0,224500.0,224500.0,224500.0,224500.0,224500.0,224500.0,224500.0,224500.0,224500.0,224500.0,224500.0,224500.0,224500.0,224500.0,224500.0,224500.0,224500.0,224500.0,224500.0,224500.0,224500.0,224500.0,224500.0,224500.0,224500.0,224500.0,224500.0,224500.0,224500.0,224500.0,224500.0,224500.0,224500.0,224500.0,224500.0,224500.0,224500.0,224500.0,224500.0,224500.0,224500.0,224500.0,224500.0,224500.0,224500.0,224500.0,224500.0,185370.0,184238.33333333334,219460.0,169931.66666666666,169931.66666666666,169931.66666666666,169931.66666666666
Mitchel,160000.0,160000.0,160000.0,160000.0,160000.0,160000.0,160000.0,160000.0,160000.0,160000.0,160000.0,160000.0,160000.0,160000.0,160000.0,160000.0,160000.0,160000.0,160000.0,160000.0,160000.0,160000.0,160000.0,160000.0,160000.0,160000.0,160000.0,160000.0,160000.0,160000.0,160000.0,160000.0,160000.0,160000.0,160000.0,160000.0,160000.0,160000.0,160000.0,160000.0,160000.0,160000.0,160000.0,160000.0,113000.0,113000.0,113000.0,113000.0,113000.0,113000.0,113000.0,113000.0,113000.0,113000.0,113000.0,113000.0,115000.0,115000.0,115000.0,115000.0,115000.0,115000.0,168000.0,157900.0,132250.0,143000.0,143000.0,143000.0,143000.0,130000.0,172000.0,129500.0,139000.0,170000.0,170000.0,170000.0,163900.0,163900.0,159916.66666666666,160750.0,130625.0,130625.0,130625.0,130625.0,132500.0,131000.0,112000.0,171000.0,171000.0,171000.0,173000.0,173000.0,93500.0,143000.0,143000.0,206300.0,206300.0,206300.0,206300.0,159833.33333333334,165000.0,215000.0,215000.0,271000.0,220343.0,240000.0,84500.0,84500.0,147000.0,147000.0,147000.0,147000.0
SawyerW,76000.0,76000.0,76000.0,76000.0,76000.0,76000.0,76000.0,76000.0,76000.0,76000.0,76000.0,76000.0,76000.0,76000.0,76000.0,76000.0,76000.0,76000.0,76000.0,76000.0,76000.0,76000.0,76000.0,76000.0,76000.0,76000.0,76000.0,76000.0,76000.0,76000.0,76000.0,76000.0,76000.0,82000.0,82000.0,82000.0,82000.0,82000.0,82000.0,82000.0,82000.0,82000.0,82000.0,82000.0,82000.0,82000.0,82000.0,82000.0,82000.0,82000.0,82000.0,82000.0,119900.0,119900.0,119900.0,119900.0,119900.0,119900.0,119900.0,119900.0,119900.0,119900.0,119900.0,119900.0,119900.0,119900.0,119900.0,107000.0,144000.0,144000.0,144000.0,144000.0,144000.0,144000.0,144000.0,144000.0,144000.0,144000.0,144000.0,126722.4,126722.4,144666.66666666666,230300.0,230300.0,230300.0,138500.0,179000.0,301000.0,277000.0,277000.0,251750.0,251816.0,208600.0,182220.0,202550.0,199833.33333333334,239500.0,215000.0,215000.0,215000.0,179000.0,179000.0,189000.0,169950.0,169950.0,172800.0,199750.0,199750.0,199750.0,199750.0,199750.0,199750.0
Blueste,137500.0,137500.0,137500.0,137500.0,137500.0,137500.0,137500.0,137500.0,137500.0,137500.0,137500.0,137500.0,137500.0,137500.0,137500.0,137500.0,137500.0,137500.0,137500.0,137500.0,137500.0,137500.0,137500.0,137500.0,137500.0,137500.0,137500.0,137500.0,137500.0,137500.0,137500.0,137500.0,137500.0,137500.0,137500.0,137500.0,137500.0,137500.0,137500.0,137500.0,137500.0,137500.0,137500.0,137500.0,137500.0,137500.0,137500.0,137500.0,137500.0,137500.0,137500.0,137500.0,137500.0,137500.0,137500.0,137500.0,137500.0,137500.0,137500.0,137500.0,137500.0,137500.0,137500.0,137500.0,137500.0,137500.0,137500.0,137500.0,137500.0,137500.0,137500.0,137500.0,137500.0,137500.0,137500.0,137500.0,137500.0,137500.0,137500.0,137500.0,137500.0,137500.0,137500.0,137500.0,137500.0,137500.0,137500.0,137500.0,137500.0,137500.0,137500.0,137500.0,137500.0,137500.0,137500.0,137500.0,137500.0,137500.0,137500.0,137500.0,137500.0,137500.0,137500.0,137500.0,137500.0,137500.0,137500.0,137500.0,137500.0,137500.0,137500.0,137500.0
BrDale,112333.33333333333,112333.33333333333,112333.33333333333,112333.33333333333,112333.33333333333,112333.33333333333,112333.33333333333,112333.33333333333,112333.33333333333,112333.33333333333,112333.33333333333,112333.33333333333,112333.33333333333,112333.33333333333,112333.33333333333,112333.33333333333,112333.33333333333,112333.33333333333,112333.33333333333,112333.33333333333,112333.33333333333,112333.33333333333,112333.33333333333,112333.33333333333,112333.33333333333,112333.33333333333,112333.33333333333,112333.33333333333,112333.33333333333,112333.33333333333,112333.33333333333,112333.33333333333,112333.33333333333,112333.33333333333,112333.33333333333,112333.33333333333,112333.33333333333,112333.33333333333,112333.33333333333,112333.33333333333,112333.33333333333,112333.33333333333,112333.33333333333,112333.33333333333,112333.33333333333,112333.33333333333,112333.33333333333,112333.33333333333,112333.33333333333,112333.33333333333,112333.33333333333,112333.33333333333,112333.33333333333,112333.33333333333,112333.33333333333,112333.33333333333,112333.33333333333,112333.33333333333,112333.33333333333,112333.33333333333,112333.33333333333,112333.33333333333,112333.33333333333,112333.33333333333,112333.33333333333,112333.33333333333,112333.33333333333,112333.33333333333,112333.33333333333,112333.33333333333,112333.33333333333,112333.33333333333,98150.0,112500.0,98666.66666666667,98666.66666666667,98666.66666666667,98666.66666666667,98666.66666666667,98666.66666666667,98666.66666666667,98666.66666666667,98666.66666666667,98666.66666666667,98666.66666666667,98666.66666666667,98666.66666666667,98666.66666666667,98666.66666666667,98666.66666666667,98666.66666666667,98666.66666666667,98666.66666666667,98666.66666666667,98666.66666666667,98666.66666666667,98666.66666666667,98666.66666666667,98666.66666666667,98666.66666666667,98666.66666666667,98666.66666666667,98666.66666666667,98666.66666666667,98666.66666666667,98666.66666666667,98666.66666666667,98666.66666666667,98666.66666666667,98666.66666666667,98666.66666666667,98666.66666666667
ClearCr,240000.0,240000.0,240000.0,240000.0,240000.0,240000.0,240000.0,240000.0,240000.0,240000.0,240000.0,240000.0,240000.0,240000.0,244400.0,244400.0,244400.0,244400.0,244400.0,244400.0,244400.0,244400.0,244400.0,244400.0,244400.0,244400.0,244400.0,244400.0,244400.0,244400.0,244400.0,244400.0,244400.0,244400.0,244400.0,244400.0,244400.0,244400.0,244400.0,244400.0,244400.0,244400.0,244400.0,244400.0,200500.0,200500.0,200500.0,200500.0,225000.0,225000.0,225000.0,225000.0,225000.0,225000.0,225000.0,248750.0,190000.0,161500.0,161500.0,203500.0,134432.0,235000.0,190000.0,190000.0,190000.0,190000.0,187500.0,187500.0,185000.0,143000.0,180000.0,228500.0,228500.0,280000.0,280000.0,280000.0,280000.0,192000.0,192000.0,260000.0,260000.0,190000.0,190000.0,190000.0,190000.0,190000.0,190000.0,190000.0,211000.0,211000.0,240000.0,240000.0,240000.0,240000.0,250500.0,250500.0,250500.0,250500.0,200000.0,200000.0,200000.0,200000.0,200000.0,200000.0,200000.0,200000.0,200000.0,200000.0,200000.0,200000.0,200000.0,200000.0
