zipcode,1900,1901,1902,1903,1904,1905,1906,1907,1908,1909,1910,1911,1912,1913,1914,1915,1916,1917,1918,1919,1920,1921,1922,1923,1924,1925,1926,1927,1928,1929,1930,1931,1932,1933,1934,1935,1936,1937,1938,1939,1940,1941,1942,1943,1944,1945,1946,1947,1948,1949,1950,1951,1952,1953,1954,1955,1956,1957,1958,1959,1960,1961,1962,1963,1964,1965,1966,1967,1968,1969,1970,1971,1972,1973,1974,1975,1976,1977,1978,1979,1980,1981,1982,1983,1984,1985,1986,1987,1988,1989,1990,1991,1992,1993,1994,1995,1996,1997,1998,1999,2000,2001,2002,2003,2004,2005,2006,2007,2008,2009,2010,2011,2012,2013,2014,2015
98002.0,111300.0,111300.0,111300.0,111300.0,111300.0,111300.0,111300.0,111300.0,111300.0,222000.0,222000.0,247475.0,202750.0,197500.0,239950.0,148498.75,142500.0,142500.0,250000.0,228333.33333333334,228333.33333333334,217000.0,247200.0,194900.0,174500.0,174500.0,174500.0,174500.0,319450.0,319450.0,319450.0,215000.0,210000.0,210000.0,210000.0,210000.0,210000.0,210000.0,210000.0,233000.0,233000.0,233000.0,206000.0,269950.0,269950.0,190000.0,190000.0,201500.0,201500.0,235483.33333333334,219937.5,200375.0,257200.0,207666.66666666666,194940.0,140000.0,269950.0,213500.0,220428.57142857142,220950.0,207118.75,157166.66666666666,208333.33333333334,200000.0,224950.0,224950.0,188800.0,221480.0,230920.0,225500.0,225500.0,225500.0,225500.0,249000.0,269000.0,269000.0,235534.33333333334,257779.375,275800.0,367500.0,367500.0,186500.0,186500.0,186500.0,188390.0,188390.0,317000.0,317000.0,317000.0,317000.0,259800.0,257666.66666666666,270000.0,270000.0,270000.0,270000.0,270000.0,285000.0,263750.0,269000.0,217000.0,217000.0,217000.0,315000.0,315000.0,292875.0,292875.0,275000.0,292500.0,284875.0,294975.0,272800.0,262500.0,223990.0,305162.5,305162.5
98155.0,290000.0,290000.0,290000.0,290000.0,290000.0,290000.0,290000.0,290000.0,290000.0,290000.0,290000.0,290000.0,290000.0,290000.0,290000.0,290000.0,290000.0,290000.0,290000.0,325000.0,325000.0,325000.0,583050.0,583050.0,583050.0,307500.0,307500.0,332950.0,370000.0,274000.0,310000.0,310000.0,310000.0,447975.0,447975.0,455000.0,600000.0,600000.0,1135000.0,379300.0,429500.0,242500.0,349350.0,315000.0,329237.5,329237.5,308741.85714285716,317788.90625,336551.4705882353,300064.70588235295,377997.5416666667,420437.1875,406588.5909090909,322403.5714285714,394195.8333333333,350930.0,320105.55555555556,600100.0,457661.0,454436.36363636365,366790.0,429425.0,413242.3076923077,405200.0,522500.0,408790.0,450000.0,382645.3333333333,503299.44444444444,375800.0,635000.0,675000.0,443666.6666666667,408500.0,624975.0,429000.0,418492.85714285716,415640.9090909091,478020.8333333333,419975.0,541666.6666666666,1151000.0,342500.0,433400.0,565000.0,343500.0,470000.0,470000.0,399305.0,399305.0,507500.0,244000.0,337000.0,520833.3333333333,477500.0,600000.0,490000.0,490000.0,791250.0,526500.0,422500.0,422500.0,551666.6666666666,427000.0,4500000.0,581500.0,267450.0,362475.0,685000.0,994000.0,994000.0,994000.0,994000.0,637207.1428571428,637207.1428571428,637207.1428571428
98198.0,570000.0,570000.0,570000.0,570000.0,570000.0,570000.0,485000.0,485000.0,485000.0,175000.0,175000.0,175000.0,255000.0,255000.0,255000.0,255000.0,255000.0,255000.0,217500.0,361000.0,361000.0,361000.0,361000.0,520000.0,472500.0,472500.0,472500.0,425000.0,425000.0,550000.0,550000.0,217000.0,217000.0,217000.0,217000.0,204000.0,204000.0,157000.0,157000.0,157000.0,178487.5,239875.0,239875.0,262450.0,306666.6666666667,306666.6666666667,306666.6666666667,235000.0,243750.0,288225.0,221887.5,345333.3333333333,236500.0,196000.0,216806.25,279904.5714285714,292714.28571428574,292833.3333333333,310655.55555555556,235158.0,247073.68421052632,259342.85714285713,292107.8947368421,302383.3333333333,260000.0,322857.14285714284,337800.0,271438.8888888889,241603.75,266500.0,265316.6666666667,234000.0,178975.0,313666.6666666667,555666.6666666666,243100.0,335875.0,470333.3333333333,225166.66666666666,288084.375,280070.0,424100.0,272075.0,258333.33333333334,538250.0,421200.0,304100.0,275090.0,298250.0,408300.0,641370.0,307365.0,289950.0,285666.6666666667,349900.0,420000.0,420000.0,400000.0,400000.0,327000.0,327000.0,327000.0,327000.0,259000.0,259000.0,357500.0,397000.0,204000.0,388000.0,388000.0,388000.0,389900.0,389900.0,752500.0,406950.0,406950.0
98146.0,368000.0,368000.0,368000.0,368000.0,368000.0,368000.0,368000.0,368000.0,368000.0,329000.0,329000.0,329000.0,540000.0,256000.0,256000.0,256000.0,165000.0,165000.0,240000.0,456700.0,456700.0,340525.0,236250.0,255000.0,277500.0,425000.0,665900.0,184500.0,184500.0,157450.0,157450.0,156000.0,156000.0,156000.0,420000.0,282500.0,213750.0,226458.33333333334,646900.0,326681.25,357454.54545454547,352583.3333333333,258588.7931034483,251500.0,528333.3333333334,219166.66666666666,350000.0,288560.0,352999.14285714284,355342.85714285716,358325.0,327790.0,570428.5714285715,380088.8888888889,415425.0,235872.22222222222,377083.3333333333,281045.0,444993.75,359850.0,436250.0,496500.0,301100.0,790375.0,276000.0,230000.0,257375.0,595000.0,325000.0,325000.0,357000.0,357000.0,415000.0,415000.0,415000.0,531500.0,531500.0,531500.0,359633.3333333333,359633.3333333333,540000.0,540000.0,410000.0,350000.0,1250000.0,1250000.0,473500.0,473500.0,473500.0,473500.0,473500.0,473500.0,473500.0,364475.0,399975.0,355000.0,355000.0,285000.0,461714.0,461714.0,461714.0,432500.0,236000.0,236000.0,1050000.0,355000.0,355000.0,375000.0,378700.0,385000.0,353333.3333333333,353333.3333333333,353333.3333333333,353333.3333333333,386896.4166666667,386896.4166666667
98122.0,584264.7058823529,586475.7777777778,610135.7142857143,567730.7692307692,566833.3333333334,845160.0,808777.7777777778,635214.2857142857,716600.0,729642.8571428572,769050.0,631000.0,649000.0,1090000.0,979700.0,590000.0,1092444.0,482000.0,503666.6666666667,633916.6666666666,857500.0,931500.0,410833.3333333333,925000.0,485166.6666666667,537666.6666666666,570500.0,771000.0,810500.0,528625.0,749000.0,464000.0,600000.0,600000.0,600000.0,600000.0,571000.0,571000.0,571000.0,571000.0,571000.0,571000.0,571000.0,571000.0,327500.0,327500.0,493000.0,493000.0,603500.0,436000.0,367500.0,1018020.0,770000.0,770000.0,770000.0,715000.0,715000.0,428000.0,428000.0,676500.0,676500.0,676500.0,517250.0,517250.0,1068500.0,1068500.0,1068500.0,1068500.0,1068500.0,1068500.0,1068500.0,765000.0,739000.0,739000.0,739000.0,739000.0,739000.0,739000.0,739000.0,680000.0,643166.6666666666,587625.0,587625.0,455000.0,867250.0,815000.0,815000.0,845000.0,845000.0,1165000.0,865000.0,533500.0,847166.6666666666,1011500.0,488333.3333333333,490000.0,490000.0,490000.0,654600.0,675000.0,499066.6666666667,423750.0,655500.0,915000.0,486375.0,471278.0,463075.0,494655.86666666664,591750.0,599500.0,638000.0,742000.0,610209.0,610209.0,610209.0,575000.0
98006.0,428750.0,428750.0,428750.0,428750.0,428750.0,428750.0,428750.0,428750.0,428750.0,428750.0,428750.0,428750.0,1800000.0,1800000.0,1800000.0,1800000.0,1800000.0,1800000.0,1800000.0,1800000.0,1800000.0,1800000.0,1800000.0,1800000.0,1800000.0,1800000.0,1800000.0,1800000.0,1800000.0,1800000.0,1800000.0,1800000.0,1800000.0,1800000.0,1000000.0,1000000.0,1000000.0,1000000.0,1000000.0,1000000.0,550000.0,550000.0,550000.0,550000.0,550000.0,550000.0,975000.0,975000.0,975000.0,570000.0,1386250.0,567450.0,693000.0,1476000.0,413780.0,471329.03225806454,494300.0,610000.0,580500.0,489500.0,522825.0,804033.3333333334,685801.7857142857,601000.0,676833.3333333334,680060.0,567107.8888888889,874398.1818181818,643512.5,1335500.0,709600.0,709600.0,939718.75,956811.1111111111,712168.0,704483.3333333334,872775.5555555555,742855.0,777500.0,812065.625,794000.0,862048.5,655000.0,836293.75,801159.8125,1025868.75,761546.25,797367.0,1128350.0,989853.7692307692,1174833.3333333333,943195.8333333334,1095000.0,868429.375,814457.8571428572,1136275.6666666667,1326182.2222222222,1021828.5714285715,1300250.0,980788.8888888889,1010000.0,1360108.8,1188000.0,2744000.0,1251972.5,1113375.0,1712500.0,945000.0,1048333.3333333334,859000.0,859000.0,1154966.6666666667,1154966.6666666667,1154966.6666666667,1075806.2727272727,1999950.0
98077.0,450000.0,299000.0,299000.0,299000.0,299000.0,299000.0,299000.0,299000.0,299000.0,299000.0,299000.0,299000.0,299000.0,299000.0,299000.0,299000.0,299000.0,299000.0,299000.0,299000.0,299000.0,299000.0,299000.0,299000.0,299000.0,299000.0,299000.0,299000.0,299000.0,299000.0,299000.0,299000.0,299000.0,299000.0,299000.0,299000.0,299000.0,299000.0,299000.0,299000.0,299000.0,299000.0,299000.0,306000.0,306000.0,306000.0,306000.0,355000.0,450000.0,450000.0,450000.0,450000.0,450000.0,450000.0,546500.0,380000.0,380000.0,465000.0,465000.0,465000.0,465000.0,465000.0,342000.0,342000.0,342000.0,342000.0,342000.0,342000.0,324416.6666666667,335975.0,318000.0,318000.0,785000.0,585000.0,585000.0,580000.0,495625.0,499443.2727272727,544811.3636363636,536555.5555555555,413100.0,512333.3333333333,541666.6666666666,635390.0,721237.5,900000.0,724642.8571428572,673560.7142857143,733883.3333333334,842900.0,943545.4545454546,859150.0,743275.0,889991.6666666666,896992.8571428572,718416.6666666666,860928.5714285715,723125.0,666250.0,630000.0,822000.0,877000.0,877000.0,925000.0,1227500.0,879000.0,705000.0,705000.0,930000.0,930000.0,749950.0,749950.0,749950.0,749950.0,749950.0,749950.0
98001.0,230000.0,230000.0,230000.0,230000.0,213750.0,213750.0,213750.0,213750.0,213750.0,185900.0,170000.0,170000.0,170000.0,165737.5,189950.0,189950.0,189950.0,189950.0,189950.0,189950.0,199950.0,292500.0,292500.0,292500.0,292500.0,292500.0,292500.0,292500.0,292500.0,292500.0,292500.0,292500.0,292500.0,292500.0,292500.0,292500.0,292500.0,389000.0,389000.0,249900.0,239950.0,239950.0,239950.0,311000.0,199900.0,206737.5,206737.5,225000.0,366250.0,243450.0,243450.0,231500.0,231500.0,237025.0,212987.5,271376.3333333333,100000.0,213500.0,213500.0,365125.0,308475.0,285375.0,217535.7142857143,230666.66666666666,233290.0,274000.0,218125.0,215837.22222222222,230822.22222222222,313862.5,191916.0,223750.0,211000.0,200000.0,240580.0,215875.0,273199.8,258900.0,268277.77777777775,274785.0,250500.0,234650.0,305000.0,288500.0,257350.0,268653.3333333333,295000.0,244850.0,325583.8,260483.33333333334,271871.4285714286,265000.0,236813.33333333334,319025.0,246016.66666666666,222400.0,304000.0,411200.0,322112.5,276100.0,315400.0,386833.25,365333.3333333333,282357.14285714284,248937.75,387272.22222222225,338806.36363636365,266155.625,313666.6666666667,265000.0,375700.0,307000.0,303233.3333333333,372535.75,413040.8125,413040.8125
98005.0,400000.0,400000.0,400000.0,400000.0,400000.0,400000.0,400000.0,400000.0,400000.0,400000.0,400000.0,400000.0,400000.0,400000.0,400000.0,400000.0,400000.0,400000.0,400000.0,400000.0,400000.0,400000.0,400000.0,400000.0,400000.0,400000.0,400000.0,400000.0,400000.0,400000.0,400000.0,400000.0,400000.0,400000.0,400000.0,400000.0,400000.0,400000.0,400000.0,400000.0,400000.0,400000.0,400000.0,400000.0,1008000.0,1008000.0,480000.0,480000.0,480000.0,480000.0,480000.0,576000.0,780000.0,625000.0,716412.5,716412.5,648816.6666666666,710441.1428571428,738400.0,726073.0769230769,707385.7142857143,514970.5,811500.0,822140.0,842620.0,765389.7142857143,761500.0,738848.5714285715,662500.0,960500.0,786333.3333333334,516000.0,743875.0,890790.0,700166.6666666666,916666.6666666666,972500.0,742614.6666666666,923866.3636363636,960000.0,937550.0,617450.0,845000.0,1025500.0,1025500.0,725000.0,725000.0,530000.0,1578000.0,1900000.0,1900000.0,1900000.0,1900000.0,1900000.0,1900000.0,1900000.0,1900000.0,1546666.6666666667,1546666.6666666667,1072737.5,720000.0,638000.0,1300000.0,1150000.0,1150000.0,1150000.0,1150000.0,975000.0,975000.0,975000.0,975000.0,975000.0,975000.0,975000.0,975000.0,975000.0
98112.0,852500.0,629000.0,1174083.3333333333,825000.0,2092500.0,1369125.0,1048375.0,1205333.3333333333,776414.625,1147000.0,1184166.6666666667,792333.3333333334,805000.0,1035800.0,1500000.0,706000.0,1675000.0,809000.0,777195.0,600000.0,767500.0,951750.0,728333.3333333334,899333.3333333334,708000.0,1109491.0,1219441.6666666667,1246022.7272727273,1403333.3333333333,785000.0,1197500.0,1156000.0,2225000.0,2225000.0,2453500.0,2453500.0,1738000.0,1738000.0,962500.0,1632333.3333333333,1810450.0,1649916.6666666667,448000.0,448000.0,448000.0,448000.0,448000.0,1350000.0,1475000.0,1475000.0,586666.6666666666,1593000.0,718500.0,1398250.0,1398250.0,1910000.0,1582500.0,1582500.0,1970000.0,1970000.0,1455000.0,1455000.0,1455000.0,940000.0,1225000.0,650000.0,1399000.0,1399000.0,699999.0,1180500.0,1180500.0,1180500.0,1180500.0,1180500.0,1125000.0,1125000.0,1125000.0,1125000.0,1125000.0,710000.0,710000.0,920500.0,920500.0,834000.0,1004000.0,677500.0,677500.0,677500.0,883000.0,883000.0,883000.0,904875.0,904875.0,904875.0,650000.0,585000.0,785000.0,553650.0,1343333.3333333333,1343333.3333333333,1242437.5,1210000.0,1185000.0,1185000.0,572600.0,1600000.0,686428.5714285715,1213007.0,1537666.6666666667,844750.0,1514856.6666666667,1514856.6666666667,1052000.0,1052000.0,816161.0,1749000.0
98115.0,559629.3333333334,660000.0,660000.0,640000.0,1017500.0,1017500.0,534500.0,573895.0,573895.0,697990.0,652071.4285714285,747700.0,493500.0,664750.0,439250.0,640000.0,548750.0,781750.0,525000.0,617544.4444444445,630200.0,789900.0,553516.6666666666,490241.6666666667,574781.1764705882,567234.6153846154,631600.0,607957.1428571428,522500.0,521721.64285714284,581175.0,574178.5714285715,459400.0,472500.0,472500.0,737500.0,485000.0,631357.1428571428,471900.0,649208.0,488405.0,557266.8421052631,516269.23076923075,655250.0,579750.0,622150.0,614765.625,544166.6666666666,655625.0,666648.0,664773.0454545454,618602.0833333334,584644.75,533388.8888888889,539211.2222222222,647500.0,603750.0,604833.3333333334,542075.0,606833.3333333334,603500.0,621500.0,667785.7142857143,656000.0,855000.0,742500.0,779000.0,509375.0,825000.0,535000.0,1075000.0,562000.0,562000.0,1100000.0,700000.0,700000.0,968750.0,642500.0,450000.0,637000.0,948333.3333333334,948333.3333333334,948333.3333333334,948333.3333333334,427500.0,516500.0,480000.0,550000.0,588966.6666666666,588966.6666666666,545000.0,500500.0,500500.0,690000.0,580050.0,580050.0,580050.0,767250.0,825900.0,625000.0,543000.0,804444.4444444445,890000.0,478564.28571428574,847500.0,604157.8181818182,979000.0,554388.8888888889,874572.4285714285,760600.0,967000.0,688237.5,390000.0,1880000.0,817200.0,958000.0
98059.0,515000.0,515000.0,515000.0,515000.0,515000.0,515000.0,515000.0,515000.0,515000.0,515000.0,515000.0,515000.0,515000.0,515000.0,515000.0,515000.0,515000.0,515000.0,515000.0,515000.0,515000.0,515000.0,515000.0,320000.0,320000.0,320000.0,320000.0,320000.0,320000.0,320000.0,320000.0,448500.0,230000.0,250000.0,250000.0,250000.0,250000.0,250000.0,250000.0,302500.0,302500.0,302500.0,302500.0,302500.0,492000.0,492000.0,355000.0,259000.0,259000.0,320000.0,320000.0,320000.0,320000.0,295490.0,295490.0,295490.0,295490.0,295490.0,295490.0,269800.0,327652.0,303900.0,372245.77777777775,332162.5,325180.0,328250.0,336469.5,326690.0,321742.9285714286,336870.45454545453,380400.0,337450.0,335333.3333333333,359250.0,359250.0,375000.0,430400.0,461616.6666666667,407000.0,415833.3333333333,398875.0,354700.0,369000.0,369000.0,455833.3333333333,424966.6666666667,331000.0,415000.0,423456.6666666667,488712.54545454547,532375.0,585500.0,438250.0,464500.0,636142.8571428572,574500.0,528666.6666666666,477000.0,579791.7777777778,522200.0,797062.5,787563.2352941176,506533.3333333333,633173.2380952381,779100.0,598147.7272727273,529150.0,701916.6666666666,607961.5384615385,484281.5789473684,462055.55555555556,670790.0,510772.22222222225,719846.4545454546,577688.5909090909,577688.5909090909
98075.0,775000.0,775000.0,775000.0,775000.0,775000.0,775000.0,775000.0,775000.0,775000.0,775000.0,775000.0,775000.0,775000.0,775000.0,775000.0,775000.0,775000.0,775000.0,775000.0,775000.0,775000.0,775000.0,775000.0,775000.0,775000.0,775000.0,775000.0,775000.0,775000.0,775000.0,775000.0,775000.0,890000.0,890000.0,890000.0,890000.0,890000.0,890000.0,890000.0,890000.0,890000.0,890000.0,890000.0,890000.0,890000.0,890000.0,890000.0,890000.0,968000.0,968000.0,968000.0,968000.0,968000.0,968000.0,968000.0,968000.0,968000.0,968000.0,968000.0,968000.0,756666.6666666666,756666.6666666666,756666.6666666666,1355666.6666666667,940000.0,594000.0,594000.0,709999.8,588857.5,799166.6666666666,579000.0,550000.0,563000.0,758033.3333333334,536490.0,465500.0,596793.0,519387.1538461539,663000.0,698063.6363636364,654306.25,545000.0,472500.0,636625.0,682166.6666666666,833750.0,833750.0,701562.5,911991.6666666666,806708.0,883375.0,1398500.0,776624.875,1258187.5,754954.5454545454,743333.3333333334,804545.4444444445,800000.0,781197.3684210526,715799.2777777778,792119.0666666667,798179.5454545454,840290.9090909091,741566.6666666666,821811.1111111111,797604.1666666666,944166.6666666666,982750.0,733500.0,855000.0,855000.0,799833.3333333334,953316.6666666666,1044833.3333333334,957814.65,1219995.0
98023.0,169000.0,169000.0,169000.0,169000.0,169000.0,169000.0,169000.0,169000.0,169000.0,169000.0,169000.0,169000.0,169000.0,169000.0,169000.0,169000.0,169000.0,425000.0,425000.0,701000.0,701000.0,701000.0,701000.0,701000.0,701000.0,701000.0,294000.0,294000.0,294000.0,294000.0,294000.0,294000.0,294000.0,294000.0,294000.0,294000.0,294000.0,294000.0,294000.0,248500.0,279900.0,279900.0,279900.0,277750.0,503000.0,503000.0,503000.0,503000.0,503000.0,307000.0,150000.0,223000.0,223000.0,185000.0,185000.0,185000.0,288333.3333333333,288333.3333333333,262486.75,211242.85714285713,191290.0,195598.88888888888,207285.13333333333,221391.66666666666,201000.0,187500.0,247950.94444444444,262511.1111111111,264646.4285714286,235802.77777777778,298428.5714285714,223500.0,317672.0,277300.0,252866.66666666666,258812.5,281903.6923076923,282223.6842105263,266507.5333333333,254181.4814814815,246604.54545454544,233806.25,244066.66666666666,265019.5,234266.66666666666,297768.75,286517.85714285716,307181.6666666667,346181.8181818182,327412.51851851854,301161.95652173914,411681.25,316940.0,330500.0,360970.0,364008.3333333333,439994.0,439994.0,406666.6666666667,403333.3333333333,537000.0,534950.0,269950.0,307436.6,417350.0,335000.0,329950.0,601750.0,363000.0,325500.0,325500.0,312500.0,329950.0,409950.0,430580.54545454547,430580.54545454547
98109.0,1695000.0,643133.3333333334,643133.3333333334,643133.3333333334,643133.3333333334,997500.0,640566.6666666666,834500.0,1545000.0,856666.6666666666,1098075.0,1440000.0,737500.0,1405000.0,920000.0,754000.0,410500.0,826000.0,826000.0,745000.0,550000.0,550000.0,550000.0,1204333.3333333333,698000.0,1182500.0,649500.0,573833.3333333334,845666.6666666666,845666.6666666666,1064000.0,725000.0,1307000.0,736000.0,655000.0,655000.0,655000.0,655000.0,655000.0,655000.0,930000.0,930000.0,930000.0,430000.0,895000.0,895000.0,895000.0,895000.0,760487.5,760487.5,760487.5,760487.5,700000.0,700000.0,700000.0,700000.0,707500.0,1712500.0,1712500.0,1712500.0,1712500.0,1712500.0,1712500.0,1712500.0,1712500.0,1712500.0,1712500.0,1712500.0,1712500.0,1712500.0,1712500.0,1712500.0,1712500.0,1712500.0,1712500.0,1712500.0,1712500.0,1712500.0,1712500.0,1775000.0,1775000.0,1775000.0,1775000.0,1775000.0,1775000.0,1775000.0,1065000.0,1065000.0,1065000.0,1065000.0,1065000.0,2900000.0,736000.0,736000.0,720000.0,720000.0,720000.0,720000.0,720000.0,720000.0,720000.0,720000.0,720000.0,802500.0,802500.0,802500.0,1010000.0,400825.0,722961.1111111111,495000.0,495000.0,495000.0,495000.0,1003400.0,1003400.0,1550000.0
98136.0,440000.0,504000.0,504000.0,504000.0,504000.0,504000.0,504000.0,504000.0,504000.0,513500.0,513500.0,888750.0,479002.5,313000.0,478225.0,722125.0,519700.0,504600.0,410269.23076923075,640500.0,459400.0,565000.0,470000.0,506500.0,507500.0,459085.71428571426,642000.0,611500.0,611500.0,489666.6666666667,489666.6666666667,502000.0,280000.0,939000.0,565000.0,565000.0,445000.0,896666.6666666666,377500.0,377500.0,431666.6666666667,532992.8571428572,383300.0,406766.6666666667,536000.0,360000.0,400000.0,358983.3333333333,544612.5,392762.5,413750.0,690194.0,625583.3333333334,573050.0,609120.4615384615,662214.2857142857,430000.0,673333.3333333334,706666.6666666666,706666.6666666666,651500.0,765000.0,378000.0,378000.0,866150.0,510250.0,675000.0,1050000.0,567500.0,476050.0,1135000.0,548500.0,548500.0,548500.0,548500.0,548500.0,548500.0,1165983.3333333333,560000.0,480000.0,1065500.0,1065500.0,1065500.0,1065500.0,660000.0,672500.0,514000.0,550000.0,550000.0,685000.0,685000.0,685000.0,685000.0,685000.0,850000.0,835000.0,450000.0,355000.0,355000.0,355000.0,355000.0,875000.0,815000.0,300033.3333333333,472666.6666666667,286307.5,443567.85714285716,389540.0,459966.6666666667,1007500.0,885000.0,549650.0,458500.0,950000.0,611150.0,899000.0
98052.0,476800.0,476800.0,476800.0,476800.0,476800.0,476800.0,476800.0,476800.0,476800.0,476800.0,476800.0,476800.0,476800.0,476800.0,476800.0,476800.0,476800.0,476800.0,476800.0,476800.0,550000.0,550000.0,550000.0,550000.0,550000.0,550000.0,550000.0,550000.0,550000.0,550000.0,550000.0,550000.0,550000.0,550000.0,445000.0,445000.0,445000.0,445000.0,445000.0,445000.0,445000.0,470000.0,470000.0,811000.0,275000.0,247500.0,2200000.0,2200000.0,2200000.0,2200000.0,2200000.0,2200000.0,2200000.0,605000.0,605000.0,605000.0,383000.0,383000.0,440000.0,491900.0,491900.0,491900.0,491900.0,519000.0,508768.14285714284,489250.0,527537.5555555555,544112.5,508606.4,521479.1666666667,562250.0,532500.0,579833.3333333334,622258.3333333334,686270.0,558336.7272727273,544333.4666666667,540632.125,529600.0,578565.5555555555,556065.7894736842,551777.7777777778,637773.75,573540.0,605482.7727272727,583525.0,649834.375,713280.5555555555,769538.4615384615,797857.1428571428,884222.2222222222,844187.5,775824.75,795000.0,722616.6666666666,748900.0,706100.0,755778.5714285715,757250.0,750875.0,812900.0,767428.5714285715,691000.0,758666.6666666666,738130.0,703306.1578947369,791494.9375,798818.1818181818,672475.0,620062.5,682475.0,759333.3333333334,975000.0,830726.5555555555,852522.0,852522.0
98014.0,160000.0,160000.0,160000.0,160000.0,160000.0,160000.0,160000.0,160000.0,160000.0,160000.0,160000.0,155475.0,155475.0,190000.0,190000.0,190000.0,368500.0,134000.0,134000.0,134000.0,134000.0,134000.0,134000.0,150000.0,150000.0,150000.0,150000.0,150000.0,150000.0,800000.0,800000.0,160000.0,160000.0,160000.0,160000.0,160000.0,405000.0,405000.0,420850.0,420850.0,420850.0,420850.0,420850.0,420850.0,420850.0,420850.0,180000.0,156000.0,154000.0,154000.0,455000.0,598800.0,598800.0,598800.0,598800.0,598800.0,598800.0,598800.0,598800.0,150000.0,307000.0,246250.0,430475.0,430475.0,430475.0,430000.0,150000.0,299000.0,292000.0,327500.0,327500.0,522500.0,262400.0,262400.0,262400.0,262400.0,262400.0,507500.0,432538.6,351666.6666666667,290000.0,510000.0,307000.0,453200.0,418000.0,585000.0,325000.0,430000.0,430000.0,444945.45454545453,268666.6666666667,517500.0,371000.0,587916.6666666666,529083.3333333334,430225.0,610882.5,485500.0,780333.1666666666,584666.6666666666,1197500.0,340000.0,635833.3333333334,635833.3333333334,790000.0,509500.0,530000.0,800000.0,773500.0,415000.0,399000.0,441000.0,425000.0,155000.0,155000.0,155000.0
98011.0,375000.0,375000.0,375000.0,375000.0,375000.0,375000.0,375000.0,375000.0,375000.0,375000.0,375000.0,375000.0,375000.0,375000.0,465000.0,465000.0,516250.0,516250.0,516250.0,516250.0,516250.0,516250.0,516250.0,516250.0,516250.0,516250.0,435000.0,435000.0,435000.0,435000.0,435000.0,310000.0,310000.0,310000.0,310000.0,310000.0,310000.0,548000.0,336000.0,336000.0,336000.0,336000.0,336000.0,336000.0,336000.0,262500.0,262500.0,262500.0,262500.0,262500.0,321750.0,325000.0,325000.0,325000.0,270000.0,421100.0,458000.0,458000.0,468000.0,401000.0,431375.0,431375.0,430825.0,532500.0,435000.0,369250.0,331500.0,331500.0,463750.0,399950.0,485125.0,485000.0,423333.3333333333,450500.0,462500.0,397300.0,419500.0,433194.23076923075,450666.6666666667,444250.0,450333.3333333333,423333.3333333333,400000.0,619000.0,400000.0,467500.0,480000.0,471350.0,484156.9090909091,539000.0,570550.0,609375.0,578666.6666666666,520750.0,440125.0,548500.0,490500.0,490500.0,490500.0,475000.0,499000.0,656237.5,484463.3333333333,484463.3333333333,476000.0,480000.0,522450.0,636166.6666666666,730000.0,715000.0,578625.0,439000.0,548500.0,870000.0,771734.1666666666,771734.1666666666
98058.0,450000.0,450000.0,450000.0,450000.0,450000.0,450000.0,450000.0,450000.0,450000.0,450000.0,450000.0,450000.0,450000.0,450000.0,450000.0,450000.0,450000.0,450000.0,450000.0,450000.0,450000.0,450000.0,450000.0,450000.0,450000.0,450000.0,283237.5,283237.5,283237.5,283237.5,283237.5,283237.5,283237.5,283237.5,283237.5,283237.5,283237.5,283237.5,283237.5,283237.5,283237.5,283237.5,283237.5,219475.0,157937.0,195000.0,144000.0,97000.0,97000.0,299950.0,507000.0,291970.0,291970.0,282200.0,282200.0,253500.0,253500.0,253500.0,222141.66666666666,288950.0,386000.0,317500.0,287718.75,308992.85714285716,316050.0,289000.0,286596.1538461539,315505.4482758621,337311.4090909091,321333.3333333333,238112.25,287250.0,554000.0,333030.0,330750.0,319222.22222222225,346761.1111111111,373910.0,349112.5,323338.63636363635,349744.0,293553.8461538461,150000.0,364035.0,323100.0,363872.22222222225,386022.22222222225,372093.3333333333,402687.5,311237.5,432362.5,404590.0,770150.0,436990.0,528500.0,485000.0,539333.3333333334,433333.3333333333,429250.0,400483.3333333333,542750.0,407500.0,395969.71428571426,395777.77777777775,443142.1052631579,348931.25,926333.3333333334,402500.0,603000.0,358000.0,458333.3333333333,434150.0,434150.0,434150.0,434150.0,434150.0
98177.0,370000.0,370000.0,370000.0,370000.0,370000.0,370000.0,370000.0,365500.0,365500.0,365500.0,417500.0,417500.0,417500.0,417500.0,417500.0,417500.0,417500.0,417500.0,458400.0,458400.0,458400.0,458400.0,465000.0,850000.0,1755000.0,1755000.0,1755000.0,1755000.0,293000.0,293000.0,293000.0,293000.0,293000.0,293000.0,293000.0,293000.0,512500.0,512500.0,846500.0,846500.0,898800.0,563833.3333333334,591433.3333333334,835000.0,347750.0,643500.0,529750.0,432277.77777777775,616021.8181818182,805666.6666666666,539275.4545454546,662077.4615384615,678600.0,615425.0,459708.3333333333,568206.25,741785.7142857143,512752.0,549148.0,680500.0,523800.0,518083.3333333333,634000.0,702500.0,496750.0,939728.5714285715,630658.3333333334,512530.0,473750.0,1426000.0,722500.0,831125.0,487700.0,809700.0,756250.0,756250.0,663316.6666666666,532450.0,605000.0,793750.0,941500.0,947500.0,969666.6666666666,801666.6666666666,715000.0,1447500.0,925000.0,925000.0,925000.0,2880500.0,2880500.0,2880500.0,2880500.0,2880500.0,2880500.0,1075500.0,1075500.0,2237500.0,461450.0,461450.0,675250.0,825000.0,825000.0,825000.0,585500.0,585500.0,816833.3333333334,816833.3333333334,561833.3333333334,425000.0,685000.0,685000.0,685000.0,685000.0,877500.0,877500.0
98117.0,535166.6666666666,395203.3333333333,490000.0,492000.0,476500.0,592000.0,575390.0,576000.0,555516.6666666666,546993.75,547832.5,713375.0,580690.0,425000.0,425000.0,627286.3333333334,477500.0,628087.5,517025.0,503166.6666666667,598493.1,506640.0,636333.3333333334,493500.0,535961.5384615385,576045.4545454546,566512.7619047619,514646.1538461539,595500.0,591546.6206896552,669618.75,537250.0,703300.0,750000.0,750000.0,1307500.0,1307500.0,416400.0,494500.0,519587.5,555058.3333333334,642625.0,458796.92307692306,490350.0,497709.375,572837.5,527550.0,584541.6666666666,518500.0,602888.2352941176,633500.0,542416.9166666666,486400.0,376000.0,556375.0,676744.1666666666,582333.3333333334,739600.0,738000.0,602250.0,350000.0,555683.3333333334,566975.0,566975.0,500000.0,715500.0,718650.0,718650.0,899653.0,1050000.0,1050000.0,685900.0,685900.0,524950.0,524950.0,460000.0,811000.0,811000.0,492500.0,492500.0,492500.0,492500.0,601790.0,601790.0,601790.0,492375.0,300000.0,300000.0,737983.3333333334,813724.0,813724.0,789500.0,789500.0,677502.5,677502.5,470333.3333333333,502000.0,502000.0,506430.0,539083.3333333334,696000.0,780900.0,703333.3333333334,701275.0,480500.0,617987.5,495690.5,510200.0,419730.0,518850.0,596550.0,700000.0,474950.0,650000.0,766457.4583333334,765000.0
98116.0,625000.0,580833.3333333334,580833.3333333334,580833.3333333334,580833.3333333334,580833.3333333334,645000.0,645000.0,457533.3333333333,619772.2222222222,695052.6666666666,445766.6666666667,396175.8333333333,585000.0,585000.0,431250.0,545000.0,681250.0,493000.0,703857.1428571428,468500.0,502000.0,699500.0,595000.0,679783.3333333334,561075.0,612562.8571428572,586333.3333333334,689025.0,560000.0,500000.0,640420.0,738000.0,738000.0,738000.0,738000.0,738000.0,520000.0,520000.0,566531.75,566531.75,599444.4444444445,444475.0,328000.0,565500.0,751500.0,513500.2,618071.4285714285,518308.3333333333,749950.0,461139.28571428574,478135.0,625500.0,573444.25,696666.6666666666,565135.7142857143,639166.6666666666,1025000.0,747750.0,616000.0,816666.6666666666,850000.0,850000.0,660735.3333333334,532000.0,576750.0,576750.0,710000.0,710000.0,2050000.0,2050000.0,2050000.0,588000.0,588000.0,588000.0,588000.0,577000.0,962500.0,915000.0,915000.0,410000.0,625000.0,1052000.0,1052000.0,657500.0,657500.0,480000.0,410000.0,439950.0,439950.0,439950.0,1070000.0,593000.0,593000.0,593000.0,875000.0,735833.3333333334,735833.3333333334,1260000.0,1101633.3333333333,1101633.3333333333,790000.0,445000.0,943000.0,494722.22222222225,734850.0,510645.45454545453,620625.0,505842.3333333333,551987.5,517500.0,600000.0,497000.0,575000.0,858650.0,682150.0
98019.0,170000.0,170000.0,170000.0,170000.0,366650.0,366650.0,366650.0,366650.0,366650.0,366650.0,366650.0,366650.0,366650.0,366650.0,420000.0,420000.0,420000.0,420000.0,420000.0,420000.0,420000.0,420000.0,420000.0,420000.0,420000.0,420000.0,420000.0,420000.0,420000.0,420000.0,420000.0,420000.0,420000.0,375000.0,375000.0,375000.0,375000.0,375000.0,375000.0,375000.0,350000.0,250000.0,250000.0,250000.0,250000.0,640000.0,640000.0,640000.0,640000.0,439950.0,439950.0,210000.0,210000.0,210000.0,279900.0,279900.0,279900.0,279900.0,332500.0,332500.0,332500.0,201000.0,400000.0,400000.0,400000.0,400000.0,283700.0,283700.0,283700.0,750000.0,750000.0,331292.0,331292.0,317000.0,317000.0,212500.0,352333.3333333333,372737.5,364950.0,336900.0,334675.0,287000.0,265800.0,313000.0,289275.0,289275.0,335125.0,319000.0,408166.6666666667,356000.0,389314.28571428574,506000.0,470750.0,494150.0,500000.0,457570.0,428000.0,451990.0,452800.0,457250.0,470928.5714285714,444805.8823529412,439190.0,480581.8181818182,483750.0,429325.0,500265.625,641800.0,592500.0,398350.0,396800.0,429928.5714285714,370924.0,410000.0,410000.0,410000.0
98042.0,279000.0,279000.0,279000.0,279000.0,279000.0,550000.0,550000.0,550000.0,550000.0,209900.0,209900.0,209900.0,209900.0,295000.0,295000.0,295000.0,295000.0,295000.0,295000.0,295000.0,295000.0,295000.0,295000.0,295000.0,295000.0,295000.0,295000.0,295000.0,295000.0,295000.0,295000.0,198900.0,198900.0,198900.0,198900.0,198900.0,198900.0,198900.0,198900.0,198900.0,198900.0,311000.0,120000.0,120000.0,120000.0,120000.0,569950.0,569950.0,569950.0,309933.0,309933.0,360963.3333333333,360963.3333333333,360963.3333333333,401500.0,350000.0,350000.0,269900.0,251000.0,431875.0,394250.0,281666.6666666667,229200.0,295875.0,256825.0,295750.0,266500.0,250228.57142857142,218599.27272727274,205172.0,217854.54545454544,382500.0,217125.0,397250.0,324462.5,328741.4285714286,370794.44444444444,281945.12903225806,313328.82352941175,303272.22222222225,313743.25,230714.2857142857,247200.0,290737.5,395580.0,341086.36363636365,336500.0,253150.0,315895.45454545453,347578.5714285714,315920.0,463135.71428571426,462500.0,399845.0,317995.0,406000.0,421950.0,361322.22222222225,349543.75,467679.0,395700.0,349170.0,323265.3846153846,310355.76923076925,329671.8181818182,379022.22222222225,320515.3846153846,313475.0,309750.0,292454.54545454547,305772.22222222225,519000.0,305121.1538461539,324622.22222222225,393868.625,393868.625
98199.0,774000.0,774000.0,440752.0,440752.0,440752.0,540000.0,540000.0,540000.0,536250.0,505000.0,505000.0,630000.0,819000.0,819000.0,565000.0,736500.0,510000.0,717000.0,717000.0,717000.0,717000.0,605000.0,605000.0,1208750.0,946000.0,946000.0,727500.0,723733.3333333334,1586666.6666666667,1143233.3333333333,1175000.0,901166.6666666666,893800.0,1709500.0,865000.0,865000.0,757500.0,1006535.0,914333.3333333334,732923.0769230769,795650.0,785951.1,551277.5,531516.125,530609.0,546583.3333333334,777000.0,705559.5833333334,716654.375,649333.3333333334,774512.5,892529.1428571428,860571.4285714285,724659.0909090909,760239.3333333334,678333.3333333334,938416.6666666666,881666.6666666666,918125.0,894500.0,729500.0,654000.0,777000.0,658500.0,824000.0,980000.0,980000.0,980000.0,830000.0,611750.0,611750.0,707000.0,707000.0,714500.0,714500.0,714500.0,714500.0,714500.0,440000.0,440000.0,440000.0,440000.0,440000.0,440000.0,1337500.0,1337500.0,1337500.0,450000.0,450000.0,450000.0,450000.0,950000.0,950000.0,390000.0,509500.0,2160000.0,2160000.0,495500.0,1925000.0,1569500.0,720666.6666666666,1168090.0,471000.0,540049.8,678000.0,944598.0,835400.0,770466.6666666666,667333.3333333334,579983.3333333334,2125000.0,453000.0,761400.0,533260.0,1065813.3333333333,585500.0
98102.0,1015000.0,587500.0,437500.0,651000.0,980230.0,980230.0,917440.0,800000.0,714500.0,1380833.3333333333,2086805.0,698000.0,698000.0,860000.0,995000.0,810000.0,810000.0,810000.0,810000.0,525000.0,525000.0,1068750.0,1068500.0,658125.0,1183333.3333333333,1750000.0,1750000.0,979700.0,845000.0,845000.0,401462.5,401462.5,401462.5,401462.5,401462.5,401462.5,401462.5,401462.5,401462.5,401462.5,401462.5,401462.5,401462.5,401462.5,615000.0,615000.0,615000.0,615000.0,615000.0,615000.0,615000.0,670500.0,660000.0,660000.0,900000.0,960000.0,1600000.0,1600000.0,1600000.0,1600000.0,1600000.0,1600000.0,1600000.0,1600000.0,1600000.0,1600000.0,1600000.0,1600000.0,1600000.0,1600000.0,1600000.0,1600000.0,1600000.0,1600000.0,1600000.0,1600000.0,1475000.0,1475000.0,1475000.0,1475000.0,1475000.0,1475000.0,1475000.0,1475000.0,1475000.0,982218.0,982218.0,982218.0,982218.0,1095000.0,1095000.0,625000.0,625000.0,625000.0,625000.0,625000.0,755000.0,755000.0,755000.0,755000.0,518500.0,540000.0,1045000.0,572500.0,550000.0,561993.75,784642.8571428572,584000.0,850833.3333333334,635000.0,530000.0,1080000.0,1080000.0,1450000.0,674362.5,674362.5
98103.0,683934.6153846154,513062.5,639500.0,469500.0,888500.0,606192.3846153846,623665.9090909091,644166.6666666666,613200.0,655781.8181818182,607181.3125,581346.1538461539,701695.0,661750.0,620777.6,609666.6666666666,585188.4615384615,722390.0,470493.75,710416.6666666666,561750.0,634919.2307692308,696312.5,566500.0,574510.5263157894,658719.7368421053,612454.1666666666,616272.7272727273,620863.1818181818,683812.5,529000.0,705000.0,800000.0,338000.0,338000.0,825000.0,525833.0,525833.0,525833.0,611416.6666666666,515600.0,503318.4,429425.0,566481.5,409950.0,340000.0,430000.0,458607.14285714284,374783.25,355150.0,536250.0,535240.0,562000.0,397000.0,570500.0,570500.0,500000.0,500000.0,850000.0,535500.0,787500.0,875000.0,551000.0,597500.0,597500.0,643750.0,550000.0,550000.0,550000.0,735000.0,735000.0,759000.0,759000.0,759000.0,759000.0,759000.0,697333.3333333334,697333.3333333334,510000.0,450000.0,450000.0,450000.0,450000.0,450000.0,450000.0,428000.0,428000.0,657966.6666666666,422500.0,498585.0,498585.0,462500.0,408750.0,408750.0,408750.0,408750.0,552500.0,611666.6666666666,412125.0,394461.77777777775,516600.0,646112.5,532790.0,401666.6666666667,652363.6363636364,411749.7619047619,537191.304347826,459764.7619047619,547899.0,505009.0,487200.0,823333.3333333334,585750.0,857000.0,864226.4705882353,577000.0
98039.0,1160000.0,1160000.0,1160000.0,1651000.0,1651000.0,1651000.0,1651000.0,1651000.0,1651000.0,1651000.0,1651000.0,1651000.0,1651000.0,1651000.0,1651000.0,1651000.0,1651000.0,1651000.0,1651000.0,1651000.0,1651000.0,1651000.0,1651000.0,1651000.0,1651000.0,1398000.0,1398000.0,1398000.0,1398000.0,1398000.0,1550000.0,1550000.0,1550000.0,1550000.0,1550000.0,1550000.0,1550000.0,1550000.0,1550000.0,1550000.0,1550000.0,1550000.0,1550000.0,1775000.0,1775000.0,1775000.0,1775000.0,1880000.0,1880000.0,1880000.0,1920000.0,2750000.0,2750000.0,1325000.0,1489550.0,893333.3333333334,1712750.0,1712750.0,1712750.0,1712750.0,1818333.3333333333,1818333.3333333333,1818333.3333333333,1245833.3333333333,1320000.0,1880000.0,1880000.0,1880000.0,1880000.0,2575000.0,2575000.0,2575000.0,2575000.0,2575000.0,2575000.0,2575000.0,1620000.0,1620000.0,1410000.0,1410000.0,1225000.0,1225000.0,1225000.0,1225000.0,1225000.0,2590000.0,1950000.0,1950000.0,1762000.0,2720000.0,3640900.0,2450000.0,2450000.0,2950000.0,2950000.0,2950000.0,2950000.0,3710000.0,3710000.0,3710000.0,3710000.0,4204500.0,2187730.0,2187730.0,2187730.0,3635000.0,2057500.0,4000000.0,4000000.0,2900000.0,2900000.0,2900000.0,2900000.0,2900000.0,3418800.0,3418800.0
98148.0,195000.0,195000.0,195000.0,195000.0,195000.0,195000.0,195000.0,195000.0,195000.0,195000.0,195000.0,195000.0,195000.0,195000.0,195000.0,195000.0,195000.0,195000.0,195000.0,195000.0,195000.0,195000.0,195000.0,195000.0,195000.0,195000.0,195000.0,195000.0,195000.0,235000.0,235000.0,275250.0,275250.0,338000.0,289950.0,289950.0,289950.0,289950.0,257333.33333333334,257333.33333333334,257333.33333333334,257333.33333333334,257333.33333333334,257333.33333333334,257333.33333333334,257333.33333333334,257333.33333333334,257333.33333333334,257333.33333333334,257333.33333333334,257333.33333333334,257333.33333333334,257333.33333333334,208650.0,257444.44444444444,262064.2857142857,285000.0,154500.0,264500.0,264500.0,264500.0,319990.0,319990.0,362000.0,279000.0,282500.0,258000.0,280000.0,280000.0,280000.0,280000.0,280000.0,280000.0,280000.0,280000.0,280000.0,280000.0,280000.0,270000.0,270000.0,270000.0,270000.0,270000.0,270000.0,270000.0,270000.0,270000.0,270000.0,270000.0,270000.0,270000.0,351135.71428571426,351135.71428571426,351135.71428571426,351135.71428571426,351135.71428571426,351135.71428571426,351135.71428571426,351135.71428571426,351135.71428571426,459000.0,459000.0,459000.0,459000.0,459000.0,459000.0,459000.0,459000.0,459000.0,459000.0,459000.0,459000.0,459000.0,459000.0,585275.0,585275.0
98056.0,452000.0,313100.0,313100.0,313100.0,313100.0,313100.0,180000.0,180000.0,180000.0,500000.0,500000.0,500000.0,500000.0,500000.0,825000.0,825000.0,249000.0,249000.0,380000.0,380000.0,380000.0,380000.0,380000.0,380000.0,380000.0,327000.0,327000.0,327000.0,327000.0,327000.0,327000.0,327000.0,327000.0,327000.0,321000.0,321000.0,321000.0,321000.0,321000.0,321000.0,321000.0,321000.0,234434.46666666667,268949.5,248666.66666666666,443950.0,443950.0,510000.0,585000.0,585000.0,585000.0,250000.0,257642.85714285713,246016.11111111112,254590.0,294180.0,336790.0,299444.44444444444,292328.05555555556,299720.5882352941,351333.3333333333,310483.3333333333,368260.0,356878.5714285714,354200.0,339950.0,375525.0,415494.44444444444,361212.5,374057.14285714284,556500.0,290000.0,290000.0,414333.3333333333,414333.3333333333,343000.0,343000.0,484166.6666666667,269500.0,398796.6666666667,292500.0,302798.5,750000.0,429060.0,940000.0,368000.0,459000.0,447500.0,484000.0,579280.0,520525.0,615000.0,434833.3333333333,521250.0,490175.0,547666.6666666666,549806.25,386350.0,494241.6666666667,595833.3333333334,480416.5,492438.46153846156,456887.77777777775,367809.0909090909,398050.5,441750.0,639943.2,489959.0909090909,654333.3333333334,490400.0,535000.0,535000.0,795450.0,605235.6666666666,1003552.0909090909,492975.0
98031.0,204995.0,204995.0,204995.0,204995.0,204995.0,152000.0,152000.0,152000.0,152000.0,152000.0,152000.0,152000.0,152000.0,152000.0,152000.0,152000.0,152000.0,152000.0,152000.0,152000.0,152000.0,759600.0,759600.0,759600.0,220000.0,220000.0,220000.0,220000.0,220000.0,220000.0,242025.0,242025.0,242025.0,242025.0,242025.0,242025.0,157500.0,157500.0,157500.0,157500.0,157500.0,157500.0,157500.0,157500.0,157500.0,157500.0,157500.0,157500.0,157500.0,157500.0,262500.0,262500.0,215000.0,550000.0,334500.0,255000.0,255000.0,255000.0,247500.0,203833.33333333334,308975.0,294987.5,260742.85714285713,249292.85714285713,248250.0,278800.0,272950.0,252000.0,224333.33333333334,300880.0,262155.0,253000.0,292000.0,288549.3333333333,288549.3333333333,267029.1666666667,271835.71428571426,285583.3333333333,284725.0,262386.0,252388.88888888888,263250.0,256000.0,313058.3333333333,269860.9,236840.6,310000.0,314868.75,266000.0,325161.1111111111,371783.3333333333,345045.45454545453,299043.75,323214.28571428574,309250.0,309500.0,359200.0,361380.0,332325.0,347700.0,367250.0,367250.0,473000.0,313590.0,309987.5,403450.0,303375.0,326750.0,389950.0,260000.0,299000.0,483400.0,305000.0,485230.0,485230.0,485230.0
98092.0,255500.0,362500.0,362500.0,362500.0,362500.0,362500.0,362500.0,362500.0,362500.0,362500.0,362500.0,362500.0,362500.0,362500.0,362500.0,362500.0,362500.0,362500.0,362500.0,362500.0,362500.0,362500.0,362500.0,362500.0,362500.0,362500.0,362500.0,362500.0,362500.0,362500.0,362500.0,362500.0,362500.0,250000.0,250000.0,250000.0,179500.0,179500.0,179500.0,179500.0,179500.0,179500.0,179500.0,179500.0,179500.0,179500.0,179500.0,179500.0,179500.0,179500.0,179500.0,179500.0,179500.0,250000.0,250000.0,250000.0,250000.0,250000.0,250000.0,359950.0,359950.0,231533.33333333334,251333.33333333334,311150.0,311150.0,289538.0,232725.0,307500.0,303977.1666666667,215488.46153846153,178000.0,400000.0,400000.0,260500.0,311095.6666666667,248250.6,267698.0,344844.9,226986.0,425833.3333333333,298325.0,286000.0,404950.0,285393.5714285714,335780.0,338225.0,376218.1818181818,347154.54545454547,339546.0909090909,352300.0,319256.6,478316.6666666667,426500.0,371700.0,270830.0,280299.71428571426,310062.5,298000.0,305810.0,392886.36363636365,563566.6666666666,376666.6666666667,383540.0,322037.5,565928.5714285715,604750.0,447750.0,930000.0,399000.0,305950.0,363283.3333333333,363283.3333333333,295388.8,315445.0,388474.8181818182,388474.8181818182
98045.0,399500.0,399500.0,399500.0,399500.0,399500.0,399500.0,399500.0,399500.0,399500.0,399500.0,399500.0,399500.0,280000.0,280000.0,280000.0,280000.0,280000.0,280000.0,280000.0,280000.0,280000.0,280000.0,280000.0,280000.0,280000.0,280000.0,281000.0,281000.0,286000.0,286000.0,286000.0,240000.0,240000.0,230000.0,230000.0,275000.0,275000.0,275000.0,275000.0,380000.0,380000.0,380000.0,380000.0,380000.0,193500.0,193500.0,193500.0,408500.0,408500.0,356000.0,280000.0,276900.0,276900.0,415000.0,415000.0,415000.0,280000.0,280000.0,280000.0,280000.0,383000.0,383000.0,268650.0,295000.0,390000.0,390000.0,324666.6666666667,324666.6666666667,375000.0,369950.0,334000.0,274500.0,330000.0,178500.0,665000.0,312620.0,298862.5,298862.5,296833.3333333333,305107.4666666667,311530.0,344833.3333333333,370000.0,388780.0,407000.0,378978.5714285714,292450.0,323316.6666666667,464475.0,533000.0,398512.5,452860.0,402300.0,408357.14285714284,459800.0,476818.1818181818,528666.6666666666,504600.0,501342.85714285716,718011.0,628750.0,562000.0,1076066.6666666667,597316.6666666666,597316.6666666666,669666.6666666666,901750.0,964000.0,920000.0,541326.25,541326.25,541326.25,541326.25,488041.64285714284,525021.0,525021.0
98118.0,436166.6666666667,403666.6666666667,403666.6666666667,287285.71428571426,295487.5,352083.3333333333,344250.0,482477.77777777775,386547.6923076923,408822.4,455391.6666666667,368041.6666666667,245000.0,453573.63636363635,290250.0,585666.6666666666,305833.3333333333,365931.25,311827.2727272727,384000.45454545453,295944.44444444444,413313.3333333333,347500.0,390800.0,487666.6666666667,627113.6363636364,411859.0909090909,515125.0,346000.0,394771.4285714286,735000.0,735000.0,315000.0,315000.0,315000.0,315000.0,452000.0,452000.0,452000.0,910000.0,404325.0,232666.66666666666,394250.0,256000.0,291000.0,543500.0,543500.0,360142.85714285716,409875.76470588235,369996.4285714286,375950.0,322769.6153846154,392111.53846153844,430000.0,371283.3333333333,360375.0,343333.3333333333,387500.0,445000.0,475707.14285714284,541462.5,574600.0,313500.0,526000.0,679487.5,373875.0,404857.14285714284,599666.6666666666,390250.0,515000.0,269875.0,353333.3333333333,250000.0,250000.0,360500.0,224000.0,224000.0,224000.0,392955.4,414166.6666666667,260333.33333333334,385000.0,385000.0,621000.0,371750.0,415000.0,327500.0,327500.0,327500.0,327500.0,333800.0,325000.0,1036250.0,432666.6666666667,299000.0,497000.0,616750.0,471066.6666666667,556650.0,699000.0,536500.0,726666.6666666666,446005.0,310838.8888888889,367966.6666666667,445883.3333333333,454300.0,335785.71428571426,526187.5,320037.5,534900.0,526987.5,648333.0,506990.0,640908.3333333334,640908.3333333334
98024.0,457000.0,457000.0,457000.0,457000.0,442450.0,442450.0,442450.0,442450.0,442450.0,442450.0,600000.0,600000.0,600000.0,465000.0,465000.0,465000.0,212000.0,212000.0,212000.0,212000.0,212000.0,212000.0,275000.0,255000.0,303000.0,303000.0,303000.0,303000.0,303000.0,275000.0,275000.0,364000.0,364000.0,200000.0,393000.0,393000.0,393000.0,392500.0,392500.0,392500.0,392500.0,291000.0,205000.0,332500.0,260000.0,260000.0,260000.0,260000.0,332220.0,332220.0,332220.0,332220.0,332220.0,332220.0,315000.0,213000.0,213000.0,213000.0,213000.0,213000.0,213000.0,213000.0,349875.0,142000.0,563500.0,415000.0,415000.0,415000.0,482850.0,330000.0,330000.0,295000.0,295000.0,295000.0,324950.0,378000.0,650000.0,426250.0,410500.0,350000.0,589000.0,589000.0,765000.0,520000.0,520000.0,520000.0,435000.0,495000.0,400000.0,532000.0,656000.0,893250.0,610000.0,1650000.0,750000.0,495000.0,540000.0,440000.0,787500.0,1267500.0,1600000.0,1600000.0,1650000.0,472500.0,1575000.0,1575000.0,1336000.0,720000.0,997950.0,1459000.0,1459000.0,1459000.0,1459000.0,1459000.0,1459000.0,786975.0
98107.0,640060.0,502500.0,624000.0,542500.0,526750.0,483333.3333333333,496826.6666666667,595300.0,550725.0,564983.3333333334,502533.3333333333,560000.0,608800.0,793166.6666666666,668550.0,677000.0,507590.0,582750.0,487333.3333333333,460000.0,727000.0,526000.0,540000.0,472500.0,571325.0,539500.0,646200.0,534000.0,583200.0,699000.0,699000.0,699000.0,699000.0,699000.0,699000.0,699000.0,699000.0,699000.0,754300.0,754300.0,636000.0,535999.875,535999.875,535999.875,535999.875,538250.0,523900.0,572000.0,375000.0,805000.0,805000.0,619166.6666666666,532633.3333333334,800000.0,800000.0,587500.0,630000.0,630000.0,545000.0,545000.0,1205000.0,733000.0,733000.0,675000.0,675000.0,900000.0,900000.0,900000.0,900000.0,923500.0,646000.0,646000.0,646000.0,646000.0,646000.0,646000.0,646000.0,715000.0,685000.0,685000.0,631500.0,631500.0,467475.0,467475.0,467475.0,467475.0,467475.0,503000.0,712500.0,712500.0,453000.0,453000.0,2475000.0,2475000.0,580000.0,580000.0,580000.0,422250.0,422250.0,464833.3333333333,464833.3333333333,448116.6666666667,471250.0,540650.0,559000.0,499055.55555555556,483038.46153846156,512122.5,496665.0,492000.0,2945000.0,1070000.0,1070000.0,576166.6666666666,598717.6470588235,654000.0
98125.0,456200.0,456200.0,456200.0,456200.0,456200.0,2050000.0,2050000.0,2050000.0,2050000.0,2050000.0,2050000.0,2050000.0,2050000.0,2050000.0,2050000.0,2050000.0,571000.0,407000.0,407000.0,407000.0,407000.0,418250.0,418250.0,418250.0,418250.0,436000.0,378700.0,587450.0,528571.4285714285,416250.0,416250.0,1360000.0,869125.0,869125.0,869125.0,442500.0,325000.0,640666.6666666666,430000.0,761900.0,551859.0909090909,499741.6666666667,431800.0,267500.0,379957.6923076923,398500.0,450500.0,426393.9393939394,401772.7272727273,469496.6666666667,448500.0,387545.3125,363130.76923076925,453346.1538461539,459333.3333333333,467899.625,439245.0,455556.25,518666.6666666667,442828.5714285714,492777.77777777775,448444.44444444444,553750.0,386500.0,477475.0,352316.6666666667,477487.5,477487.5,622000.0,531000.0,700000.0,490000.0,500000.0,463333.3333333333,295000.0,295000.0,295000.0,474166.6666666667,524600.0,651000.0,306888.0,382500.0,440000.0,498000.0,708750.0,462750.0,482250.0,461133.3333333333,482500.0,482500.0,482500.0,614905.0,607500.0,423250.0,423250.0,423250.0,449016.6666666667,449016.6666666667,435000.0,299500.0,325475.0,394250.0,500000.0,438000.0,412489.0,576937.5,746400.0,324888.8888888889,473585.71428571426,388675.0,333000.0,693983.3333333334,693983.3333333334,693983.3333333334,693983.3333333334,693983.3333333334
98028.0,325000.0,325000.0,325000.0,325000.0,325000.0,325000.0,325000.0,325000.0,325000.0,325000.0,325000.0,325000.0,325000.0,325000.0,325000.0,325000.0,325000.0,325000.0,325000.0,475000.0,475000.0,475000.0,475000.0,475000.0,475000.0,310000.0,310000.0,310000.0,615000.0,615000.0,615000.0,318750.0,318750.0,219500.0,450000.0,450000.0,450000.0,450000.0,450000.0,387450.0,387450.0,251462.5,270000.0,385000.0,385000.0,385000.0,385000.0,385000.0,385000.0,448333.3333333333,312250.0,400000.0,400000.0,342500.0,411948.6666666667,404322.22222222225,459904.54545454547,544500.0,452250.0,424495.0,376644.6666666667,430428.5714285714,467200.0,513875.0,571975.0,323666.6666666667,323666.6666666667,403166.6666666667,367060.0,332500.0,400000.0,433000.0,387500.0,418800.0,432500.0,457500.0,488316.6666666667,510937.5,466142.85714285716,477704.54545454547,715000.0,404000.0,357500.0,581747.5,418833.3333333333,434500.0,474500.2,411333.3333333333,413608.0,599300.0,265421.4285714286,545000.0,520000.0,416500.0,562500.0,497500.0,518142.85714285716,515000.0,563100.0,519900.0,406112.5,590333.3333333334,585500.0,490368.75,556833.3333333334,530825.0,603316.6666666666,596493.75,530000.0,411291.6666666667,453250.0,509500.0,529666.6666666666,552495.0,628316.6666666666,619990.0
98188.0,171000.0,171000.0,171000.0,171000.0,171000.0,171000.0,171000.0,171000.0,171000.0,171000.0,171000.0,171000.0,171000.0,171000.0,171000.0,171000.0,171000.0,171000.0,171000.0,171000.0,171000.0,707000.0,707000.0,707000.0,707000.0,707000.0,707000.0,130000.0,130000.0,440000.0,275000.0,275000.0,225000.0,225000.0,225000.0,225000.0,225000.0,225000.0,225000.0,225000.0,294950.0,133350.0,220496.66666666666,213712.5,182926.33333333334,182926.33333333334,182926.33333333334,182926.33333333334,234999.0,226000.0,211500.0,211500.0,235371.42857142858,235371.42857142858,235371.42857142858,247785.7142857143,265816.6666666667,254372.22222222222,229333.33333333334,239246.875,300666.6666666667,254237.5,269500.0,301475.0,272450.0,342250.0,351400.0,175000.0,284000.0,227750.0,227750.0,227750.0,706000.0,380000.0,380000.0,356000.0,356000.0,356000.0,356000.0,356000.0,356000.0,512000.0,512000.0,305000.0,325000.0,279983.3333333333,279983.3333333333,190000.0,335000.0,335000.0,335000.0,335000.0,335833.3333333333,292500.0,370000.0,216000.0,216000.0,216000.0,216000.0,355833.3333333333,421000.0,383962.0,375000.0,375000.0,349950.0,349950.0,335000.0,445000.0,500000.0,499500.0,499500.0,499500.0,499500.0,499500.0,447250.0,447250.0
98010.0,204666.33333333334,207250.0,207250.0,207250.0,207250.0,207250.0,207250.0,135000.0,135000.0,135000.0,135000.0,135000.0,135000.0,135000.0,135000.0,234822.0,234822.0,234822.0,234822.0,234822.0,234822.0,234822.0,234822.0,330000.0,330000.0,510000.0,510000.0,510000.0,510000.0,510000.0,510000.0,510000.0,510000.0,510000.0,510000.0,440000.0,440000.0,440000.0,440000.0,440000.0,440000.0,630000.0,630000.0,630000.0,630000.0,630000.0,570000.0,625000.0,625000.0,531500.0,531500.0,531500.0,531500.0,531500.0,531500.0,531500.0,531500.0,531500.0,531500.0,429500.0,424900.0,475000.0,475000.0,330000.0,429590.0,429590.0,429590.0,429590.0,429590.0,640000.0,253300.0,253300.0,361674.5,241333.33333333334,241333.33333333334,241333.33333333334,332000.0,242290.0,575000.0,340000.0,340000.0,398000.0,398000.0,398000.0,325000.0,401666.6666666667,401666.6666666667,401666.6666666667,322000.0,267000.0,340300.6666666667,658750.0,658750.0,241250.0,232705.55555555556,415333.0,292225.0,620000.0,545000.0,365000.0,599253.0,693500.0,594750.0,665000.0,718931.25,590000.0,690000.0,690000.0,935000.0,415000.0,415000.0,415000.0,301500.0,301500.0,301500.0,301500.0
98053.0,225000.0,225000.0,225000.0,225000.0,225000.0,225000.0,225000.0,225000.0,225000.0,225000.0,225000.0,225000.0,225000.0,225000.0,225000.0,225000.0,225000.0,225000.0,225000.0,225000.0,225000.0,225000.0,225000.0,225000.0,225000.0,225000.0,225000.0,225000.0,225000.0,225000.0,225000.0,225000.0,225000.0,225000.0,225000.0,225000.0,225000.0,225000.0,225000.0,225000.0,225000.0,400000.0,400000.0,400000.0,400000.0,400000.0,400000.0,484000.0,484000.0,400000.0,339000.0,339000.0,339000.0,339000.0,339000.0,339000.0,339000.0,339000.0,339000.0,339000.0,339000.0,339000.0,339000.0,339000.0,339000.0,339000.0,339000.0,578725.0,518500.0,330000.0,331625.0,534000.0,534000.0,534000.0,418500.0,850000.0,475000.0,389837.6,452890.0,557200.0,555777.7777777778,528500.0,432000.0,507500.0,756680.0,720500.0,806250.0,810500.0,937346.1538461539,913950.0,1028581.25,912112.5,676428.5714285715,745884.2727272727,748123.75,909000.0,601748.75,861541.6666666666,809000.0,2280000.0,1218750.0,709019.4444444445,590093.9285714285,625836.8421052631,605615.119047619,585748.6296296297,570492.8571428572,623000.0,511632.125,582251.0,614224.9444444445,738740.0,865093.75,828916.6666666666,949303.3333333334,949303.3333333334
98007.0,732000.0,732000.0,732000.0,732000.0,732000.0,732000.0,732000.0,732000.0,732000.0,732000.0,732000.0,732000.0,732000.0,732000.0,732000.0,732000.0,732000.0,732000.0,732000.0,732000.0,732000.0,732000.0,732000.0,732000.0,732000.0,732000.0,732000.0,732000.0,732000.0,732000.0,732000.0,732000.0,732000.0,732000.0,732000.0,732000.0,732000.0,732000.0,732000.0,732000.0,732000.0,732000.0,732000.0,732000.0,732000.0,732000.0,732000.0,732000.0,732000.0,732000.0,732000.0,732000.0,732000.0,732000.0,732000.0,449773.75,478608.9166666667,743000.0,415500.0,432500.0,449111.1111111111,516000.0,495360.0,554347.5,531166.6666666666,573071.4285714285,492000.0,713000.0,725000.0,592475.0,695000.0,695000.0,695000.0,512500.0,512500.0,512500.0,512500.0,725000.0,762500.0,777000.0,838875.25,813000.0,851333.3333333334,450000.0,445220.2,445220.2,786484.0,786484.0,701475.0,939333.3333333334,711600.0,711600.0,676600.0,676600.0,676600.0,676600.0,676600.0,676600.0,676600.0,1035000.0,848000.0,920000.0,920000.0,920000.0,760000.0,760000.0,760000.0,760000.0,760000.0,760000.0,760000.0,760000.0,760000.0,760000.0,760000.0,760000.0
98029.0,715000.0,715000.0,715000.0,715000.0,715000.0,715000.0,715000.0,715000.0,715000.0,715000.0,715000.0,715000.0,715000.0,715000.0,715000.0,715000.0,715000.0,715000.0,715000.0,715000.0,715000.0,715000.0,715000.0,715000.0,715000.0,715000.0,715000.0,715000.0,715000.0,715000.0,715000.0,715000.0,715000.0,715000.0,715000.0,715000.0,715000.0,715000.0,715000.0,715000.0,715000.0,715000.0,715000.0,715000.0,715000.0,715000.0,715000.0,715000.0,715000.0,715000.0,715000.0,715000.0,715000.0,715000.0,715000.0,715000.0,715000.0,715000.0,715000.0,715000.0,715000.0,679000.0,679000.0,605000.0,575000.0,575000.0,575000.0,575000.0,575000.0,563750.0,563750.0,563750.0,563750.0,563750.0,563750.0,563750.0,563750.0,563750.0,563750.0,675000.0,462920.0,462920.0,462920.0,462920.0,462920.0,462920.0,576166.6666666666,578670.0,552525.8333333334,595520.3333333334,598161.5384615385,587614.2857142857,577473.3333333334,546241.6666666666,521479.1666666667,487000.0,564618.0,575437.5,575437.5,575437.5,688750.0,713333.3333333334,825000.0,660173.6666666666,719535.4545454546,519345.5,869481.6666666666,790996.6666666666,1131663.3333333333,1131663.3333333333,675000.0,675000.0,664118.8333333334,823900.0,509393.8095238095,509393.8095238095
98032.0,202000.0,202000.0,202000.0,202000.0,202000.0,202000.0,202000.0,202000.0,249000.0,249000.0,176500.0,130000.0,130000.0,225000.0,225000.0,225000.0,225000.0,225000.0,225000.0,225000.0,225000.0,225000.0,225000.0,225000.0,225000.0,225000.0,225000.0,160000.0,160000.0,160000.0,160000.0,160000.0,160000.0,160000.0,160000.0,160000.0,160000.0,160000.0,160000.0,160000.0,228200.0,228200.0,228200.0,228200.0,228200.0,281000.0,163500.0,163500.0,129000.0,129000.0,240000.0,233000.0,233000.0,233000.0,233000.0,234000.0,123300.0,221700.0,242000.0,210757.14285714287,243064.2857142857,221658.33333333334,266800.0,245166.66666666666,545000.0,380000.0,286500.0,262428.5714285714,272283.3333333333,240000.0,184000.0,327500.0,329629.3333333333,329629.3333333333,268175.4,268175.4,268175.4,268175.4,275569.23076923075,249750.0,285833.3333333333,238633.33333333334,349300.0,287500.0,287500.0,287500.0,324900.0,324900.0,324900.0,255500.0,255500.0,255500.0,255500.0,255500.0,255500.0,255500.0,163000.0,244615.0,244615.0,244615.0,249000.0,249000.0,249000.0,249000.0,249000.0,249000.0,349975.0,349975.0,349975.0,349975.0,349975.0,349975.0,349975.0,349975.0,349975.0,349975.0
98004.0,1749000.0,1749000.0,1749000.0,1749000.0,1749000.0,1749000.0,1749000.0,1749000.0,1749000.0,1450000.0,1450000.0,1450000.0,1450000.0,1450000.0,1450000.0,1993250.0,1993250.0,1993250.0,1993250.0,1014250.0,1014250.0,975000.0,975000.0,975000.0,975000.0,975000.0,1208000.0,1208000.0,1208000.0,1208000.0,1208000.0,7062500.0,7062500.0,7062500.0,7062500.0,7062500.0,7062500.0,7062500.0,7062500.0,7062500.0,7062500.0,980000.0,980000.0,980000.0,980000.0,600000.0,1337500.0,1182666.6666666667,1290000.0,1169833.3333333333,1007333.3333333334,1165562.5,857872.7272727273,938956.5217391305,843727.2727272727,941750.0,890833.3333333334,915000.0,1089000.0,1013000.0,1559800.0,805500.0,1267500.0,1331675.0,1280928.5714285714,1325000.0,1138416.6666666667,1182292.857142857,1257942.857142857,1442500.0,1388000.0,1436000.0,1436000.0,935000.0,935000.0,1413333.3333333333,1254750.0,1416550.0,2149960.0,1123656.5,1162875.0,1580000.0,1580000.0,2288000.0,1869000.0,742500.0,742500.0,1032875.0,1413333.3333333333,1337500.0,1408300.0,1825000.0,1901000.0,1565000.0,1956666.6666666667,1956666.6666666667,1610000.0,1872500.0,1130000.0,1130000.0,1170000.0,2381250.0,1306000.0,1805388.5714285714,2312233.3333333335,1674524.0,2516666.6666666665,1914545.4545454546,1756589.2142857143,2311166.6666666665,1419000.0,1765000.0,1264000.0,2179285.714285714,1781248.3333333333,1781248.3333333333
98106.0,795000.0,795000.0,795000.0,795000.0,795000.0,795000.0,399950.0,295000.0,372500.0,372500.0,270000.0,412000.0,412000.0,426000.0,426000.0,234500.0,199400.0,326227.2727272727,326227.2727272727,278125.0,259666.66666666666,310000.0,247500.0,247500.0,276713.3333333333,366178.5714285714,312000.0,315200.0,285800.0,338583.3333333333,319530.0,295000.0,346500.0,240000.0,240000.0,255000.0,255000.0,242250.0,196450.0,196450.0,249000.0,342500.0,261000.0,261393.125,247500.0,241005.0,397470.0,275599.07692307694,296222.22222222225,247416.66666666666,316833.3333333333,287000.0,206500.0,330000.0,291151.0,323368.75,331000.0,257150.0,360000.0,338500.0,305500.0,403000.0,403000.0,350000.0,344333.3333333333,317500.0,302500.0,435000.0,300500.0,325000.0,305000.0,305000.0,169950.0,169950.0,260000.0,260000.0,279250.0,370000.0,467625.0,305750.0,325000.0,375000.0,410475.0,305000.0,357000.0,357000.0,357000.0,355000.0,355000.0,403800.0,403800.0,495750.0,312500.0,315000.0,385000.0,396450.0,465000.0,322666.6666666667,168000.0,400000.0,385000.0,277000.0,334000.0,334000.0,294142.85714285716,400333.3333333333,326833.3333333333,317344.0588235294,347183.3333333333,309583.3333333333,407375.0,322983.3333333333,391168.75,391168.75,359739.3333333333,389950.0
98168.0,185750.0,334652.5,334652.5,334652.5,334652.5,334652.5,334652.5,334652.5,334652.5,334652.5,334652.5,258000.0,258000.0,258000.0,258000.0,258000.0,258000.0,83000.0,83000.0,265000.0,265000.0,206000.0,174000.0,280000.0,175000.0,175000.0,218250.0,110000.0,225000.0,240733.33333333334,229500.0,275000.0,191750.0,257500.0,252333.33333333334,168500.0,202625.0,257666.66666666666,205612.5,262133.33333333334,226666.66666666666,248778.57142857142,231478.94736842104,173983.33333333334,216180.55555555556,242775.0,223916.66666666666,232147.5,231703.85714285713,188857.14285714287,201312.5,195583.33333333334,232991.66666666666,273000.0,208742.85714285713,292000.0,250000.0,231737.5,261391.66666666666,229495.0,265166.6666666667,253750.0,251133.33333333334,261250.0,273600.0,237850.0,322166.6666666667,267000.0,292500.0,185000.0,243000.0,350000.0,350000.0,369900.0,369900.0,369900.0,369900.0,369900.0,369900.0,216725.0,235000.0,339950.0,230000.0,230000.0,230000.0,230000.0,230000.0,292000.0,292000.0,300000.0,300000.0,300000.0,250833.33333333334,250833.33333333334,250833.33333333334,250833.33333333334,250833.33333333334,250833.33333333334,499950.0,499950.0,499950.0,499950.0,332450.0,294000.0,300000.0,300000.0,300000.0,300000.0,350000.0,350000.0,350000.0,350000.0,440000.0,355000.0,326362.5,326362.5
98178.0,305000.0,305000.0,305000.0,305000.0,305000.0,305000.0,825000.0,825000.0,825000.0,495000.0,495000.0,495000.0,495000.0,495000.0,495000.0,495000.0,291333.3333333333,291333.3333333333,291333.3333333333,180000.0,296750.0,288500.0,288500.0,269000.0,208975.0,345000.0,466000.0,374140.0,374140.0,262950.0,262950.0,208333.33333333334,221250.0,221250.0,221250.0,221250.0,287500.0,337475.0,337475.0,337475.0,254833.33333333334,261316.66666666666,204950.0,226999.33333333334,216750.75862068965,303800.625,206000.0,274333.3333333333,326278.5714285714,377312.6666666667,252800.0,237980.0,261600.0,411166.6666666667,430150.55555555556,305216.92307692306,446720.0,358325.0,380000.0,299335.0,250250.0,368925.6666666667,340250.0,295812.5,288650.0,321000.0,343000.0,369750.0,317500.0,251000.0,251000.0,251000.0,251000.0,361000.0,240000.0,375800.0,375800.0,375800.0,440000.0,440000.0,164808.0,308725.0,435000.0,361000.0,361000.0,375000.0,375000.0,375000.0,336000.0,272000.0,272000.0,272000.0,360000.0,360000.0,360000.0,360000.0,360000.0,625000.0,344000.0,696500.0,292000.0,314500.0,314500.0,291275.0,361250.0,460000.0,460000.0,360000.0,445000.0,279000.0,279000.0,279000.0,279000.0,664950.0,511000.0,511000.0
98074.0,572000.0,572000.0,572000.0,572000.0,572000.0,572000.0,572000.0,572000.0,572000.0,870000.0,870000.0,870000.0,870000.0,870000.0,870000.0,870000.0,870000.0,870000.0,870000.0,870000.0,870000.0,870000.0,870000.0,870000.0,895000.0,895000.0,895000.0,895000.0,895000.0,895000.0,895000.0,895000.0,895000.0,895000.0,895000.0,895000.0,550000.0,1052000.0,1052000.0,1052000.0,1052000.0,1052000.0,1052000.0,1052000.0,1052000.0,1052000.0,1052000.0,1052000.0,355000.0,355000.0,355000.0,1650000.0,1650000.0,1650000.0,1650000.0,1650000.0,1650000.0,1650000.0,1650000.0,1650000.0,510000.0,510000.0,510000.0,2000000.0,2000000.0,2000000.0,2000000.0,2000000.0,2000000.0,542555.0,542555.0,542555.0,339300.0,511850.0,511850.0,412000.0,603995.0,519957.14285714284,570687.5,578341.8,603000.0,486791.6666666667,567600.0,552144.5454545454,542526.3157894737,728254.5454545454,621143.8,603685.1,550890.7692307692,614183.3333333334,664652.5,755888.8888888889,662666.6666666666,756658.3333333334,680000.0,680000.0,768737.5,813542.8571428572,826663.3333333334,741467.5925925926,984625.0,825930.3076923077,1020166.6666666666,732620.0,679750.0,805550.0,1041928.5714285715,958100.0,869037.0,835000.0,793335.0,859175.0,784750.0,808487.5,916543.7619047619,916543.7619047619
98119.0,806430.0,865000.0,1032500.0,772500.0,735000.0,675000.0,763125.0,849155.0,903333.3333333334,1090500.0,780000.0,1229250.0,1131000.0,608000.0,824583.3333333334,855250.0,995000.0,900000.0,855000.0,935020.0,850000.0,1599500.0,855333.3333333334,677915.0,562500.0,802962.5,755666.6666666666,1037600.0,1768000.0,768466.6666666666,615000.0,615000.0,845000.0,845000.0,845000.0,845000.0,845000.0,820000.0,820000.0,820000.0,820000.0,749950.0,663709.4,663709.4,663709.4,663709.4,663709.4,693666.6666666666,1011000.0,1011000.0,612125.0,755000.0,755000.0,740000.0,570500.0,560000.0,560000.0,1200000.0,1200000.0,1200000.0,1200000.0,1200000.0,1200000.0,1200000.0,1200000.0,1200000.0,1200000.0,1200000.0,1200000.0,1200000.0,1200000.0,1200000.0,1200000.0,1200000.0,1200000.0,825000.0,825000.0,825000.0,825000.0,825000.0,370000.0,370000.0,370000.0,370000.0,370000.0,670000.0,300523.0,300523.0,605000.0,925000.0,925000.0,925000.0,925000.0,925000.0,925000.0,499000.0,1445000.0,1445000.0,2400000.0,2400000.0,525000.0,597425.0,597425.0,580000.0,952000.0,462000.0,664000.0,791216.6666666666,1058750.0,732430.7142857143,487833.3333333333,1262500.0,1262500.0,1120280.0,754964.2857142857,490000.0
98027.0,170000.0,195000.0,195000.0,195000.0,195000.0,195000.0,195000.0,195000.0,195000.0,195000.0,195000.0,385000.0,385000.0,248000.0,248000.0,360000.0,360000.0,360000.0,360000.0,360000.0,343000.0,542500.0,542500.0,542500.0,542500.0,542500.0,542500.0,542500.0,542500.0,542500.0,542500.0,542500.0,305000.0,305000.0,305000.0,305000.0,305000.0,305000.0,305000.0,305000.0,455000.0,401000.0,420333.3333333333,420333.3333333333,470500.0,470500.0,470500.0,470500.0,423000.0,364950.0,460000.0,460000.0,640000.0,640000.0,313000.0,240000.0,240000.0,240000.0,506620.0,506620.0,492909.5,433000.0,491000.0,637500.0,504750.0,452900.0,446077.6,441725.0,496271.4285714286,523306.3333333333,556600.0,427666.6666666667,686750.0,505433.3333333333,543500.0,564000.0,508539.28571428574,625194.4444444445,562258.5333333333,816818.1818181818,554368.75,519800.0,840000.0,602500.0,580790.625,514428.5714285714,572424.0,644538.4615384615,569440.0,597500.0,545000.0,1037750.0,596900.0,813741.6666666666,729400.0,747000.0,899768.75,799000.0,686000.0,772500.0,678040.0,529850.0,1229333.3333333333,660192.2307692308,531350.0,528633.3333333334,1014089.95,913307.6923076923,524593.0,521104.0833333333,771748.75,620231.25,606035.7142857143,530283.3333333334,640217.2857142857,640217.2857142857
98003.0,360000.0,360000.0,360000.0,360000.0,360000.0,360000.0,360000.0,360000.0,360000.0,360000.0,360000.0,360000.0,360000.0,360000.0,360000.0,360000.0,360000.0,360000.0,360000.0,360000.0,360000.0,360000.0,360000.0,360000.0,360000.0,360000.0,360000.0,360000.0,302000.0,302000.0,302000.0,302000.0,302000.0,302000.0,302000.0,302000.0,302000.0,302000.0,590000.0,590000.0,229000.0,229000.0,229000.0,250000.0,250000.0,250000.0,250000.0,250000.0,299000.0,299000.0,299000.0,179950.0,179950.0,250000.0,268225.0,160000.0,223400.0,364833.3333333333,286366.6666666667,239600.0,315143.6,265240.0,250145.83333333334,278660.0,268166.6666666667,307593.3333333333,275821.4285714286,245471.95,237694.17647058822,266042.85714285716,222612.5,270816.6666666667,314333.3333333333,336125.0,287833.3333333333,436300.0,500812.5,272500.0,288375.0,266600.0,236000.0,339900.0,262416.6666666667,262416.6666666667,334100.0,242357.14285714287,199921.85714285713,279641.6666666667,287671.4285714286,324916.6666666667,442600.0,346450.0,309278.5714285714,319687.5,269751.3333333333,286250.0,292600.0,349666.6666666667,349666.6666666667,343975.0,358333.3333333333,645000.0,372037.5,372037.5,382566.6666666667,592500.0,592500.0,298450.0,356500.0,647500.0,647500.0,647500.0,361931.25,361931.25,361931.25,361931.25
98166.0,1115000.0,1115000.0,1115000.0,1115000.0,1115000.0,1115000.0,1115000.0,1115000.0,1115000.0,1115000.0,1115000.0,1115000.0,1115000.0,552000.0,655000.0,655000.0,947500.0,947500.0,375000.0,459950.0,287000.0,540000.0,490000.0,392500.0,392500.0,313000.0,212000.0,567000.0,567000.0,567000.0,567000.0,356000.0,356000.0,356000.0,356000.0,356000.0,356000.0,356000.0,356000.0,543200.0,543200.0,442050.0,266455.0,218581.91666666666,272174.9,417000.0,417000.0,382025.0,374214.28571428574,362200.0,398958.3333333333,442500.0,459808.9285714286,383973.6842105263,394307.6923076923,349761.1111111111,436591.6666666667,369100.0,457590.0,427408.3333333333,685333.3333333334,410000.0,569250.0,400000.0,461000.0,527303.3333333334,394725.0,401500.0,554361.8,470000.0,447316.6666666667,447316.6666666667,395000.0,395000.0,476816.6666666667,855483.3333333334,883250.0,995000.0,995000.0,605000.0,260000.0,577500.0,577500.0,577500.0,577500.0,608250.0,608250.0,699950.0,680000.0,987250.0,725333.3333333334,1202333.3333333333,360000.0,656500.0,656500.0,656500.0,656500.0,656500.0,656500.0,656500.0,656500.0,656500.0,656500.0,187000.0,187000.0,187000.0,1131000.0,719225.0,471750.0,305000.0,422000.0,422000.0,422000.0,649275.3333333334,649275.3333333334,649275.3333333334
98144.0,695250.0,482250.0,503500.0,339500.0,405000.0,815000.0,734876.6666666666,532642.8571428572,261500.0,388500.0,631693.75,390000.0,971562.5,575666.6666666666,660571.4285714285,456250.0,1000666.6666666666,493666.6666666667,527875.0,550991.6666666666,724750.0,716166.6666666666,1075357.142857143,669917.3333333334,758333.3333333334,695302.0833333334,875200.0,691200.0,771662.5,1131100.0,660000.0,685000.0,678933.3333333334,678933.3333333334,678933.3333333334,678933.3333333334,678933.3333333334,678933.3333333334,678933.3333333334,678933.3333333334,402500.0,1324750.0,1082000.0,470000.0,470000.0,470000.0,757428.5714285715,757428.5714285715,654000.0,467500.0,467500.0,541250.0,410000.0,410000.0,483437.5,456500.0,562000.0,562000.0,452100.0,471000.0,245000.0,498481.3333333333,498481.3333333333,826000.0,826000.0,380000.0,380000.0,290000.0,290000.0,356999.0,356999.0,356999.0,332500.0,427000.0,425000.0,425000.0,425000.0,425000.0,313000.0,353250.0,638000.0,1400000.0,385000.0,385000.0,385000.0,399950.0,399950.0,457750.0,675000.0,675000.0,562000.0,562000.0,562000.0,465000.0,465000.0,467500.0,467500.0,347333.3333333333,347333.3333333333,654500.0,436250.0,498500.0,366966.6666666667,531666.6666666666,398333.3333333333,352849.28571428574,417500.0,418798.65,561258.3333333334,496125.0625,588000.0,345000.0,387000.0,537295.4545454546,537295.4545454546,392548.75
98022.0,204950.0,335750.0,335750.0,335750.0,335750.0,335750.0,184900.0,184900.0,184900.0,184900.0,184900.0,184900.0,209000.0,195000.0,156450.0,156450.0,237000.0,314000.0,235500.0,230000.0,307500.0,185000.0,185000.0,185000.0,192500.0,288996.6666666667,287000.0,468000.0,250000.0,254000.0,254000.0,169000.0,460000.0,443500.0,199990.0,199990.0,327749.5,327749.5,327749.5,219000.0,287000.0,200000.0,189550.0,189550.0,189550.0,189550.0,428500.0,428500.0,229950.0,248500.0,397000.0,397000.0,397000.0,306995.0,280737.5,280737.5,257500.0,249650.0,380000.0,212833.33333333334,299000.0,257150.0,303500.0,260237.5,314750.0,258875.0,258875.0,303333.3333333333,254833.33333333334,344333.3333333333,251000.0,251000.0,296666.6666666667,220000.0,302500.0,234975.0,294750.0,294750.0,644000.0,386666.6666666667,337400.0,384000.0,218000.0,356000.0,330000.0,421487.5,415000.0,308333.3333333333,329999.0,481000.0,270500.0,280891.17647058825,289564.54545454547,366142.85714285716,361618.75,320000.0,392370.75,297495.0,307040.0,391750.0,391750.0,391750.0,489166.6666666667,426500.0,426500.0,368500.0,567500.0,517500.0,331000.0,272000.0,277500.0,325000.0,294720.6,294720.6,294720.6,294720.6
98034.0,540000.0,540000.0,540000.0,540000.0,540000.0,540000.0,540000.0,540000.0,540000.0,540000.0,400000.0,400000.0,400000.0,400000.0,400000.0,257000.0,350000.0,350000.0,350000.0,350000.0,350000.0,350000.0,355000.0,355000.0,1199000.0,1199000.0,1199000.0,1199000.0,1199000.0,294000.0,294000.0,294000.0,520000.0,750000.0,750000.0,435000.0,435000.0,400000.0,400000.0,330000.0,330000.0,330000.0,330000.0,330000.0,310000.0,310000.0,310000.0,310000.0,310000.0,310000.0,310000.0,310000.0,310000.0,310000.0,469362.5,469362.5,480666.6666666667,3070000.0,449950.0,325000.0,611791.8,414625.0,381378.5714285714,542741.6666666666,477200.0,389937.5,419954.2105263158,415370.96774193546,489002.0,420952.5882352941,411285.71428571426,370576.92307692306,404679.1666666667,477181.8181818182,461263.3333333333,476169.44444444444,473558.4736842105,501847.5925925926,499843.75,498752.38095238095,517277.875,495454.54545454547,571681.25,411628.75,371666.6666666667,502607.85714285716,413000.0,479126.4285714286,404125.0,1088285.7142857143,1490000.0,639568.75,735000.0,1172875.0,585000.0,577500.0,515000.0,648610.0,511500.0,621000.0,1095000.0,661055.5555555555,1290000.0,663125.0,740750.0,631333.3333333334,1010487.5,568250.0,988687.5,798500.0,832500.0,1250000.0,537000.0,1023014.2,1023014.2,1023014.2
98055.0,212500.0,212500.0,212500.0,212500.0,275500.0,278500.0,258975.0,258975.0,273500.0,273500.0,273500.0,280950.0,280950.0,288500.0,288500.0,207100.0,207100.0,205000.0,205000.0,253000.0,253000.0,253000.0,205333.33333333334,220000.0,245000.0,224250.0,140000.0,262000.0,262000.0,309475.0,238333.33333333334,290300.0,222000.0,358750.0,358750.0,358750.0,358750.0,230000.0,326475.0,100000.0,192000.0,294925.0,294925.0,243000.0,450000.0,450000.0,450000.0,205666.66666666666,228090.0,235000.0,213000.0,287250.0,159000.0,216000.0,175000.0,245000.0,315000.0,264500.0,359500.0,349333.3333333333,248333.33333333334,309785.75,211737.5,293154.54545454547,282237.5,324618.28571428574,289675.0,290000.0,287260.0,310875.0,326200.0,312000.0,312000.0,312000.0,275000.0,422750.0,422750.0,313970.0,329000.0,312500.0,334666.6666666667,253000.0,330980.0,330980.0,295000.0,276500.0,329800.0,362908.8,237000.0,380500.0,309737.5,439000.0,338000.0,308000.0,314485.71428571426,314825.0,357283.3333333333,357283.3333333333,357283.3333333333,357283.3333333333,375666.6666666667,344500.0,344500.0,463466.6666666667,310250.0,264300.0,386438.8888888889,451000.0,435200.0,301250.0,305000.0,370000.0,459150.0,580000.0,436500.0,436500.0
98033.0,1010000.0,2350000.0,2350000.0,2350000.0,2350000.0,2350000.0,2350000.0,2350000.0,612750.0,612750.0,612750.0,612750.0,625000.0,625000.0,625000.0,625000.0,625000.0,625000.0,625000.0,625000.0,552666.6666666666,627500.0,305000.0,486650.0,486650.0,616300.0,616300.0,616300.0,600000.0,495000.0,495000.0,750000.0,750000.0,750000.0,750000.0,750000.0,750000.0,750000.0,762000.0,762000.0,375000.0,900000.0,629388.8888888889,500000.0,500000.0,694950.0,694950.0,626120.0,461000.0,1600000.0,799030.0,655000.0,640250.0,491250.0,1127800.0,582500.0,589333.3333333334,880000.0,1109142.857142857,658188.3333333334,563877.9090909091,465285.71428571426,537291.6666666666,615208.3333333334,447666.6666666667,709583.3333333334,636250.0,647394.4444444445,582312.7272727273,594375.0,468750.0,697000.0,697000.0,661675.0,596412.5,746000.0,707128.5714285715,570938.4615384615,542375.0,683093.75,877333.3333333334,691909.0909090909,438666.6666666667,731400.0,872160.7142857143,728000.0,561633.3333333334,588669.1666666666,795000.0,675916.6666666666,800520.75,825700.0,938750.0,625000.0,640635.7142857143,878971.4285714285,867632.0,442700.0,1217000.0,1801900.0,1642500.0,909400.0,1260500.0,1145475.0,1023944.4444444445,1210995.0,1327103.6666666667,1131312.5,1123500.0,1092000.0,825000.0,825000.0,909500.0,913264.2857142857,1203976.4705882352,1203976.4705882352
98038.0,649950.0,649950.0,649950.0,649950.0,649950.0,649950.0,649950.0,649950.0,649950.0,649950.0,649950.0,649950.0,649950.0,649950.0,649950.0,649950.0,649950.0,649950.0,649950.0,649950.0,260000.0,234000.0,280000.0,280000.0,280000.0,280000.0,280000.0,279000.0,279000.0,279000.0,279000.0,279000.0,279000.0,485000.0,485000.0,485000.0,485000.0,485000.0,485000.0,145000.0,145000.0,145000.0,145000.0,145000.0,145000.0,145000.0,476000.0,476000.0,476000.0,476000.0,476000.0,210000.0,210000.0,210000.0,446000.0,446000.0,446000.0,446000.0,279750.0,467500.0,282076.5,449500.0,579000.0,335000.0,250000.0,250000.0,250000.0,315375.0,279975.0,254131.2,427500.0,427500.0,389500.0,375000.0,507666.6666666667,507666.6666666667,364750.0,300808.3333333333,349421.4285714286,351000.0,338042.3076923077,364975.0,295000.0,295000.0,303900.25,376428.5714285714,365348.4210526316,285581.8181818182,311666.6666666667,328490.0,492959.3125,310115.3846153846,306358.82352941175,283528.26086956525,333106.8181818182,354638.8888888889,296558.9285714286,342800.0,439250.0,341241.6666666667,519692.14285714284,591750.0,426466.6666666667,361705.45454545453,375781.0975609756,374373.75,423872.724137931,390516.6666666667,312474.75,359325.0,335403.3333333333,345586.0,380320.8333333333,318500.0,403570.8461538461,403570.8461538461
98040.0,1900000.0,1900000.0,1900000.0,1900000.0,1900000.0,1900000.0,1900000.0,1900000.0,1900000.0,1900000.0,1900000.0,1900000.0,1900000.0,1900000.0,1900000.0,1900000.0,1900000.0,875550.0,875550.0,875550.0,875550.0,875550.0,875550.0,875550.0,875550.0,875550.0,875550.0,875550.0,875550.0,2367000.0,2367000.0,2485000.0,1250000.0,1250000.0,2027000.0,770000.0,770000.0,770000.0,770000.0,770000.0,770000.0,770000.0,770000.0,770000.0,763420.0,763420.0,763420.0,595000.0,711000.0,796200.0,900000.0,694187.5,988750.0,820125.0,1230000.0,924847.5,924847.5,891800.0,909714.2857142857,995408.3333333334,898500.0,828428.5714285715,1040000.0,1040290.0,905975.25,1441980.0,1008039.0,919544.4444444445,1066406.0,1158857.142857143,944500.0,980000.0,1178400.0,1107900.0,1060150.0,860420.0,1148750.0,1021040.6666666666,961625.0,1122500.0,2020800.0,1550000.0,1550000.0,2258666.6666666665,1199500.0,1324000.0,1237962.5,1373500.0,1331000.0,1627500.0,1218750.0,2958333.3333333335,1250000.0,1393000.0,1393000.0,2280000.0,2280000.0,1124500.0,2283333.3333333335,2283333.3333333335,1831666.6666666667,1443000.0,2040000.0,2040000.0,2298000.0,2502500.0,1696630.0,1553333.3333333333,2090000.0,1724950.0,1724950.0,1724950.0,1724950.0,1724950.0,1756490.0,597326.0
98070.0,498313.5,498313.5,498313.5,498313.5,300000.0,300000.0,300000.0,300000.0,300000.0,524000.0,524000.0,437000.0,437000.0,437000.0,160000.0,160000.0,160000.0,160000.0,160000.0,507500.0,297000.0,297000.0,297000.0,297000.0,297000.0,295000.0,252000.0,385000.0,385000.0,407185.0,230000.0,230000.0,230000.0,230000.0,230000.0,337500.0,314950.0,556500.0,329500.0,329500.0,329500.0,329500.0,378600.0,378600.0,285000.0,285000.0,285000.0,563000.0,243500.0,243500.0,520000.0,525000.0,525000.0,1350000.0,635000.0,635000.0,295000.0,295000.0,295000.0,295000.0,295000.0,395000.0,999000.0,480000.0,425666.6666666667,425666.6666666667,319000.0,645000.0,645000.0,645000.0,295000.0,295000.0,335000.0,397000.0,497666.6666666667,526000.0,536400.0,407666.6666666667,740800.0,453000.0,497125.0,399500.0,436875.0,437500.0,255000.0,462500.0,649000.0,649000.0,649000.0,628725.0,628725.0,518387.5,403333.3333333333,586233.3333333334,586233.3333333334,586233.3333333334,650000.0,535833.3333333334,585000.0,617833.3333333334,633000.0,700000.0,380000.0,380000.0,517534.0,517534.0,517534.0,420000.0,420000.0,692000.0,730000.0,730000.0,730000.0,730000.0,730000.0,730000.0
98008.0,1700000.0,1700000.0,1700000.0,1700000.0,1700000.0,1700000.0,1700000.0,1700000.0,1700000.0,1700000.0,1700000.0,1700000.0,1700000.0,1700000.0,1700000.0,1700000.0,1700000.0,1700000.0,1700000.0,1700000.0,1700000.0,1700000.0,1700000.0,1700000.0,1700000.0,1700000.0,1700000.0,1700000.0,1700000.0,1700000.0,1700000.0,1700000.0,1700000.0,1700000.0,1700000.0,1700000.0,1700000.0,1700000.0,1700000.0,1700000.0,1700000.0,1700000.0,1700000.0,1400000.0,1400000.0,1400000.0,1400000.0,1400000.0,553000.0,902500.0,902500.0,810000.0,810000.0,661500.0,661500.0,661500.0,430111.1111111111,538890.0,657219.4444444445,467994.2,586911.4545454546,546790.0,651776.0,508944.4117647059,556975.0,558714.2857142857,583046.6086956522,542765.0,644775.0,424250.0,650000.0,695500.0,553500.0,586000.0,646985.7142857143,583540.0,725500.0,669250.0,881875.0,589300.0,1595000.0,1595000.0,1595000.0,1055000.0,1055000.0,605000.0,798000.0,798000.0,656000.0,3300000.0,749950.0,749950.0,749950.0,1012500.0,1012500.0,1012500.0,1012500.0,1012500.0,961500.0,961500.0,2989000.0,2989000.0,1146800.0,1146800.0,1146800.0,1146800.0,1146800.0,2415000.0,1300000.0,1300000.0,1300000.0,1300000.0,1300000.0,1300000.0,1300000.0,1300000.0
98105.0,615000.0,615000.0,615000.0,615000.0,750000.0,750000.0,512333.3333333333,695120.5,584175.0,788500.0,657333.3333333334,729500.0,675375.0,605000.0,621062.5,1032333.3333333334,702900.0,800000.0,611416.6666666666,546250.0,730000.0,571278.5714285715,706625.0,1255714.2857142857,659625.0,657285.7142857143,894309.0909090909,766270.0,919700.0,715333.3333333334,913400.0,1202200.0,1896300.0,1896300.0,1896300.0,1896300.0,1896300.0,1512666.6666666667,1920000.0,1119120.2,892598.375,969500.0,595000.0,624927.8571428572,573500.0,573500.0,922500.0,666857.1428571428,755000.0,1130000.0,1272833.3333333333,893000.0,1286500.0,1090500.0,1295000.0,1295000.0,1295000.0,1690000.0,1250000.0,1250000.0,1620500.0,1250000.0,1250000.0,1250000.0,1250000.0,1250000.0,1395000.0,1395000.0,1395000.0,1395000.0,1395000.0,1395000.0,1250000.0,1250000.0,1250000.0,808000.0,808000.0,808000.0,808000.0,808000.0,808000.0,808000.0,808000.0,808000.0,808000.0,808000.0,808000.0,808000.0,1070000.0,790000.0,790000.0,790000.0,599950.0,599950.0,599950.0,885000.0,1110000.0,1110000.0,544000.0,829900.0,829900.0,829900.0,490000.0,490000.0,532850.0,1324050.0,903750.0,1485000.0,841500.0,505250.0,655378.2222222222,655378.2222222222,655378.2222222222,655378.2222222222,655378.2222222222,655378.2222222222
98108.0,297500.0,292475.0,292475.0,292475.0,209625.0,209625.0,430000.0,319500.0,345150.0,367500.0,357500.0,430000.0,204500.0,204500.0,205000.0,205000.0,260000.0,392000.0,311000.0,293500.0,339000.0,345000.0,313000.0,350000.0,352483.3333333333,352483.3333333333,317975.0,442000.0,330000.0,504500.0,425000.0,425000.0,425000.0,425000.0,545500.0,545500.0,545500.0,338750.0,208417.0,232500.0,340000.0,379357.14285714284,324999.6,307875.0,443500.0,415000.0,415000.0,415000.0,393500.0,282950.0,382200.0,446500.0,346107.5,343500.0,303772.0,516000.0,351875.0,325000.0,400000.0,453000.0,453000.0,453000.0,404000.0,404000.0,455850.0,350000.0,350000.0,350000.0,445000.0,385000.0,411000.0,357475.0,355000.0,355000.0,355000.0,284000.0,284000.0,284000.0,284000.0,347500.0,390000.0,390000.0,390000.0,390000.0,384000.0,384000.0,384000.0,384000.0,310000.0,310000.0,355500.0,355500.0,355500.0,355500.0,383000.0,453166.6666666667,453166.6666666667,453166.6666666667,449500.0,385000.0,283293.3333333333,337250.0,490000.0,490000.0,453000.0,347000.0,400475.0,388333.3333333333,420457.6,330000.0,330000.0,330000.0,318699.25,500000.0,271483.875,271483.875
98133.0,550000.0,729953.0,729953.0,729953.0,729953.0,729953.0,729953.0,729953.0,729953.0,729953.0,375000.0,363990.0,363990.0,363990.0,363990.0,363990.0,363990.0,382450.0,382450.0,290000.0,464000.0,396000.0,470500.0,377500.0,465000.0,435000.0,394666.6666666667,359666.6666666667,351562.5,441875.0,407444.0,336500.0,380475.0,310000.0,354583.3333333333,354583.3333333333,354583.3333333333,357333.3333333333,361250.0,361250.0,348600.0,370308.8,407311.375,334237.5,334471.85714285716,324250.0,330500.0,355994.44444444444,373419.82352941175,362576.6666666667,335737.5,349937.5,347688.46153846156,336012.35,362635.07692307694,372738.8888888889,435489.3333333333,390693.1818181818,394489.8,403813.1818181818,404658.3333333333,397540.0,413992.3076923077,403833.3333333333,373212.5,393285.0,518000.0,502000.0,499790.0,499950.0,499950.0,416310.6666666667,361000.0,398787.5,403500.0,412300.0,412300.0,340000.0,441750.0,433980.0,430800.0,381800.0,445500.0,395000.0,459500.0,364000.0,322000.0,320000.0,407500.0,420000.0,535000.0,590000.0,527500.0,305000.0,382000.0,382000.0,471987.5,442500.0,500000.0,335737.5,333500.0,259333.33333333334,340837.5,453000.0,323500.0,406675.0,410030.8,339462.5,441994.44444444444,345817.64705882355,500000.0,500000.0,583944.0,583944.0,583944.0,492500.0
98126.0,700000.0,700000.0,700000.0,700000.0,700000.0,700000.0,700000.0,700000.0,420000.0,384950.0,407000.0,452500.0,637833.3333333334,526000.0,507250.0,507250.0,566991.6666666666,427183.3333333333,456166.6666666667,379500.0,361250.0,448166.6666666667,448166.6666666667,424550.0,419750.0,460466.6666666667,489350.0,479754.85714285716,413766.6666666667,496285.71428571426,673000.0,503000.0,503000.0,382000.0,382000.0,382000.0,382000.0,559000.0,559000.0,330000.0,428807.14285714284,382216.6666666667,324964.5833333333,392200.0,448348.0,367712.5,422687.5,316072.85714285716,371375.0,375500.0,338158.3333333333,304638.4666666667,419000.0,327500.0,442528.5,389250.0,389250.0,429000.0,486250.0,435000.0,507150.0,624000.0,471000.0,415885.0,415885.0,461666.6666666667,485000.0,485000.0,476750.0,476750.0,476750.0,476750.0,510000.0,510000.0,510000.0,750000.0,750000.0,682500.0,504975.0,504975.0,420000.0,432750.0,750000.0,750000.0,750000.0,528000.0,528000.0,528000.0,493725.0,425000.0,415000.0,507500.0,507500.0,507500.0,507500.0,672500.0,672500.0,672500.0,672500.0,415000.0,545000.0,750000.0,380000.0,380000.0,238000.0,353741.6666666667,353741.6666666667,350926.6666666667,581233.3333333334,373618.75,380000.0,367920.0,328333.3333333333,372166.6666666667,619742.8571428572,619742.8571428572
98065.0,550000.0,190000.0,190000.0,190000.0,190000.0,190000.0,190000.0,323000.0,323000.0,323000.0,323000.0,323000.0,323000.0,201000.0,201000.0,201000.0,250000.0,250000.0,217500.0,217500.0,217500.0,217500.0,217500.0,273833.3333333333,208000.0,279000.0,235000.0,235000.0,235000.0,285000.0,308500.0,308500.0,402000.0,402000.0,402000.0,335000.0,335000.0,335000.0,282500.0,282500.0,282500.0,282500.0,282500.0,306500.0,306500.0,306500.0,306500.0,306500.0,290000.0,319950.0,319950.0,319950.0,319950.0,319950.0,319950.0,478350.0,478350.0,478350.0,478350.0,290000.0,326500.0,326500.0,326500.0,326500.0,326500.0,326500.0,326500.0,326500.0,304737.5,454000.0,454000.0,330000.0,330000.0,310000.0,392500.0,392500.0,392500.0,392500.0,392500.0,459750.0,459750.0,459750.0,459750.0,459750.0,459750.0,413725.0,413725.0,413725.0,399950.0,356000.0,356000.0,356000.0,235000.0,235000.0,235000.0,235000.0,235000.0,517750.0,517750.0,494132.14285714284,486853.5714285714,703282.3913043478,479335.71428571426,505511.53846153844,554206.7073170731,650466.6666666666,614190.8333333334,520720.0,520496.6666666667,601041.5833333334,559000.0,540000.0,568722.7272727273,554733.3636363636,527537.8461538461,572800.0
98072.0,203700.0,203700.0,203700.0,203700.0,203700.0,203700.0,203700.0,203700.0,203700.0,203700.0,203700.0,203700.0,203700.0,203700.0,200000.0,200000.0,200000.0,200000.0,200000.0,200000.0,200000.0,200000.0,200000.0,902500.0,902500.0,659000.0,659000.0,659000.0,659000.0,659000.0,659000.0,659000.0,659000.0,659000.0,659000.0,659000.0,659000.0,659000.0,659000.0,775000.0,775000.0,775000.0,775000.0,775000.0,775000.0,775000.0,775000.0,775000.0,775000.0,995000.0,995000.0,375000.0,375000.0,375000.0,375000.0,375000.0,650000.0,455000.0,455000.0,385000.0,385000.0,625000.0,514000.0,528000.0,528000.0,450784.4166666667,450784.4166666667,450784.4166666667,395480.3333333333,448139.28571428574,371681.25,445333.3333333333,675000.0,675000.0,675000.0,467062.5,446582.5,488759.375,571008.3333333334,442555.55555555556,617642.8571428572,733576.9230769231,578333.3333333334,611845.0,522628.5714285714,695296.1538461539,653785.7142857143,669600.0,745333.3333333334,680125.0,725722.5,590500.0,604968.75,568000.0,681535.0,843375.0,909066.6666666666,563950.0,360000.0,373000.0,959250.0,789625.0,435000.0,632400.0,540221.875,678666.6666666666,502833.3333333333,618075.0,552500.0,488000.0,415000.0,515000.0,642860.0,642860.0,642860.0,614285.0
98030.0,275000.0,225800.0,225800.0,225800.0,225800.0,225800.0,225800.0,225800.0,140000.0,306000.0,306000.0,246000.0,246000.0,246000.0,246000.0,246000.0,246000.0,246000.0,246000.0,246000.0,213500.0,213500.0,213500.0,213500.0,213500.0,213500.0,213500.0,213500.0,213500.0,213500.0,213500.0,295255.0,295255.0,175000.0,245000.0,245000.0,245000.0,245000.0,245000.0,253750.0,350000.0,297475.0,250000.0,147500.0,330000.0,330000.0,330000.0,330000.0,330000.0,330000.0,330000.0,330000.0,370000.0,254000.0,254000.0,251500.0,275000.0,275000.0,275000.0,229950.0,219200.0,233000.0,245491.66666666666,245491.66666666666,288666.6666666667,296450.0,276548.25,262570.0,297850.0,270000.0,270000.0,335000.0,335000.0,335000.0,335000.0,335000.0,241000.0,247867.5,281344.5833333333,239571.42857142858,239571.42857142858,406500.0,321000.0,321000.0,255000.0,255700.0,250533.33333333334,258785.7142857143,266625.0,254666.66666666666,269300.0,313800.0,330133.3333333333,312500.0,294067.4285714286,225750.0,256925.0,321114.28571428574,274250.0,321390.0,314625.0,337483.3333333333,329333.3333333333,375000.0,282400.0,387200.0,358071.25,435000.0,422000.0,332650.25,297068.3333333333,370250.0,349090.0,368641.6666666667,430524.2727272727,430524.2727272727
